ClientID,FirmSize,Industry,ContractTenureMonths,ProjectsCompleted,AverageProjectValue,SupportTickets,ClientSatisfactionScore,LastInteractionDays,MonthlyRecurringRevenue,Churn
2763f915-0008-45eb-9d1d-97887786ce50,Large (250+),Healthcare,36,41,77485.81,11,3,325,1419.69,0
bfb87f49-0b9e-4bef-9b49-1eae38ea4448,Medium (50-250),Finance,4,15,79989.31,3,2,222,1712.01,0
788f5dd5-e727-429f-8b2b-754d02531482,Large (250+),Manufacturing,56,6,39961.01,6,1,173,1593.93,0
53422a26-8fde-4cd9-942b-fd4997e7baf6,Enterprise (>1000),Healthcare,63,44,41538.9,13,4,78,17957.78,0
cb7a00b2-635c-4dfe-aa27-a87f2edcb040,Medium (50-250),Healthcare,51,27,59329.53,7,5,213,5613.17,0
20b60ccf-0458-47c0-84e9-e701b47d4103,Enterprise (>1000),Finance,13,0,15979.42,24,4,300,4033.56,1
64319b40-5510-4578-b069-f02108de0a67,Small (<50),Tech,41,46,19480.32,23,1,135,6558.15,0
86796b5a-0b28-4c98-b99e-e49d739e665f,Enterprise (>1000),Healthcare,3,31,6409.95,24,4,239,8160.12,0
9557624a-d77a-45f7-b6e0-6031d96648a7,Small (<50),Manufacturing,19,47,98868.79,24,3,353,10362.77,1
53b9149c-79d4-443b-a7e2-8b88f781f31f,Medium (50-250),Finance,14,8,7722.43,0,5,45,11008.48,0
3632cd42-1103-46cc-9aea-314b672d5fd8,Enterprise (>1000),Healthcare,69,12,30448.65,21,3,21,1961.91,0
12fbb305-0528-41dd-a40b-655c3d81e8c8,Large (250+),Tech,8,30,55906.14,24,4,172,2471.92,0
3e6e04d3-53ed-4e66-af19-f4c540137f93,Large (250+),Retail,33,24,88009.02,0,3,40,1800.59,0
628c7b8c-9521-45af-b9c7-863c87ed9d2a,Large (250+),Manufacturing,46,40,30456.49,16,2,200,12135.25,0
d983278b-123b-426a-b1c5-15e0bf684ccc,Enterprise (>1000),Finance,61,36,31584.41,17,3,310,18549.22,0
b83da091-224e-4854-96e4-a8f8b4a7cc12,Small (<50),Finance,66,38,37814.39,17,2,77,9528.84,0
755e0bc1-c410-42de-96c4-d31fdb4a6180,Large (250+),Retail,4,4,13225.71,1,5,177,18471.0,0
805ceb5e-3635-46db-b068-7512a6b78541,Small (<50),Finance,44,23,32886.43,20,5,19,12650.14,0
2f776566-625a-4efb-8181-45feba3f9fbd,Enterprise (>1000),Retail,6,47,62925.26,10,2,186,5366.67,0
0a819a16-c02d-4db4-b2f4-0381c7823d83,Large (250+),Finance,30,6,69009.38,9,1,101,18770.05,0
731eaeed-cf25-4ca0-9dc7-6afcee29b30c,Medium (50-250),Finance,52,14,81340.3,0,1,91,15163.6,0
359a88b6-c6f4-4d41-929f-99065cad8ae9,Enterprise (>1000),Healthcare,29,1,36997.38,12,5,56,18602.4,0
dda7b941-5364-477d-a6fc-b1ef4d24c45c,Large (250+),Finance,48,29,66684.21,5,2,53,9550.31,0
ce6be93c-1be2-4d55-b56a-c41b1b263d2e,Small (<50),Retail,39,0,93309.99,20,3,344,12746.28,1
e12b175a-ddfa-412e-a770-0dc6b2ae8055,Large (250+),Healthcare,21,32,52059.23,16,1,268,11395.37,0
c8e130c3-0b38-4aa3-961e-a3453c2ef872,Small (<50),Healthcare,66,46,17683.87,8,5,222,12045.45,0
1ad394a7-9ea6-475d-ab46-3b9c112b8dcc,Medium (50-250),Retail,70,37,38982.92,0,4,237,4624.32,0
37a2b1e7-dbd2-4999-96cc-ce97fdad9f59,Medium (50-250),Manufacturing,46,26,13772.3,12,2,183,9494.28,0
8e130e2f-f143-4c7e-bc08-349270b9010f,Large (250+),Manufacturing,61,13,79132.28,24,4,299,10827.12,0
6bf4b41f-5d69-4baf-b559-3eef721644e2,Medium (50-250),Finance,69,20,42618.44,11,4,32,6000.18,0
20c85ddc-688e-4647-a6ef-6ff74265c9f1,Enterprise (>1000),Healthcare,47,39,80005.56,20,2,106,16144.2,0
85e0d584-41ff-46d6-bc2e-a419c4ccbe64,Medium (50-250),Manufacturing,3,16,31889.18,11,2,185,14185.8,0
9aaf1326-4c6d-4990-ac7d-7aead21d48ab,Enterprise (>1000),Tech,29,11,23068.68,16,4,72,11691.61,0
b91cc5fc-bf45-4444-b8fe-b711fec85679,Enterprise (>1000),Finance,45,31,12380.05,13,5,319,14185.93,0
d0dd72a8-afbb-4dab-8c73-f04523f46d5f,Medium (50-250),Tech,13,33,9944.21,2,2,235,19451.05,0
3ea2eb0a-3ee9-4037-9fbe-ab68951c1292,Small (<50),Healthcare,22,5,78421.05,15,5,24,11591.37,0
e9e58b43-5fc5-4394-8930-c059bb8ed244,Enterprise (>1000),Manufacturing,52,28,85190.32,22,2,351,3705.21,1
63d5285f-48a5-434b-9ebb-17836f3bd3c4,Medium (50-250),Healthcare,59,36,24124.0,12,3,340,7875.85,0
10d9660b-c6e8-42dc-b442-f53a1f2122e6,Enterprise (>1000),Manufacturing,52,4,54995.81,18,2,345,6045.2,1
af2e1275-e5f6-4ba1-9874-a2cdaf9ed031,Enterprise (>1000),Manufacturing,15,14,17846.64,22,3,298,17334.27,1
c0f2a3d0-fb9f-44c0-8328-cee0c02caaa9,Small (<50),Manufacturing,61,10,36231.82,15,5,43,3281.77,0
3272eadb-0d09-4b95-9f22-8ece57f9a401,Enterprise (>1000),Finance,66,12,84057.55,4,4,110,17368.57,0
62569c07-1ef7-47f2-9af3-df020236b56e,Enterprise (>1000),Retail,28,46,53009.67,1,3,350,16128.69,0
391596fc-25a8-4f97-8df0-5a7afedce6b3,Small (<50),Healthcare,40,12,58453.3,6,1,52,1532.91,0
25a24c24-3eda-49bb-a717-7b4feaf716ad,Large (250+),Manufacturing,50,17,15220.74,23,5,102,11402.57,0
a81a67e9-df11-40c1-9cec-bec8886785e9,Enterprise (>1000),Healthcare,24,11,81871.94,15,2,193,6563.92,0
8da7006c-dde4-45f6-9288-49b024fb64f4,Small (<50),Manufacturing,10,8,60492.27,1,1,213,18546.08,1
bc3923c8-83c7-44fb-8433-a3541f64edde,Large (250+),Healthcare,28,15,15275.15,10,4,19,11547.96,0
81f411b8-3824-4665-ab13-f2b15b8d4fd4,Large (250+),Healthcare,36,49,95155.47,2,3,32,15331.33,0
a8ddfba3-5fec-4cec-b195-3178d0611a26,Medium (50-250),Finance,37,20,12574.58,5,1,30,8183.72,0
1a548564-0ca8-437a-a3a6-672465ba2ac7,Enterprise (>1000),Healthcare,26,42,72360.21,22,4,190,16510.74,0
ccfc788b-166c-4914-bb8b-8c9848781505,Medium (50-250),Tech,56,34,92395.95,11,1,179,4215.21,0
15e7ee3f-489e-41d6-acbd-3a8605559133,Large (250+),Manufacturing,65,3,85055.57,13,1,276,1886.64,1
0a641abc-e04b-4f76-a922-1fab6b11498e,Medium (50-250),Retail,69,4,94448.61,0,4,45,17919.08,0
298d9f69-32ba-4bc4-bf30-6b3112dd3697,Medium (50-250),Finance,39,38,38175.5,6,3,358,3562.51,0
100973d3-5d4d-41e6-9a3e-59e2e701c9ad,Medium (50-250),Tech,24,41,67969.52,23,3,90,16084.4,0
9b649e35-358c-4c80-b795-64f3d0f4c872,Enterprise (>1000),Tech,25,3,95277.4,22,5,351,2301.29,1
c8385701-9c9b-40d2-b2ec-7235bb1cedb4,Small (<50),Finance,34,4,25878.3,5,4,55,12608.44,0
ade3e930-929a-416f-8453-8563fe168c11,Small (<50),Finance,1,3,90765.29,6,1,140,15804.83,0
0d05a611-6b9c-4dac-8aaf-88dd9d231ee3,Medium (50-250),Tech,38,17,90551.09,24,3,296,15442.61,1
8e17734b-e215-40fb-9f48-06c7a76c47a3,Large (250+),Retail,58,25,41362.71,18,2,311,8657.48,1
1f3989d2-1004-4a72-a257-4d9ae26d2362,Enterprise (>1000),Retail,22,25,26382.23,20,5,62,12228.58,0
e11d4a0b-d2f2-41f6-884a-99ea3e8a44d7,Small (<50),Manufacturing,43,17,75935.71,15,1,257,2339.98,1
2a4d4127-4952-4717-aab8-f230830b668b,Enterprise (>1000),Finance,71,12,39737.15,20,1,337,19976.49,1
aa279979-7041-472a-a811-ec643d6b00e2,Enterprise (>1000),Manufacturing,54,42,99985.61,14,5,339,3261.43,0
a0f0340e-deaa-48d9-aad3-485ff498a8eb,Large (250+),Tech,25,38,20311.04,0,3,240,8116.57,0
fa0fe7b7-8ddf-4ce3-ae89-f37d8b4eab3f,Small (<50),Retail,49,18,40006.62,24,4,212,1273.41,0
6bf45154-021b-438f-8689-cacbef131c65,Large (250+),Finance,26,20,71780.31,0,1,9,14118.59,0
7971aff2-4186-4766-9545-6139b55cafca,Large (250+),Tech,24,23,17937.28,13,4,290,3599.06,1
882053cb-f3e0-4cfa-8fb3-953f494bfb7c,Large (250+),Healthcare,13,45,7325.62,11,4,64,16654.03,0
ddf9ab10-95db-4fdc-a6d8-4ba7f6fedf84,Medium (50-250),Healthcare,45,40,16237.48,16,2,268,1387.1,0
32e51ba9-4f18-4b0c-ac6b-d6bf8c21823c,Enterprise (>1000),Manufacturing,58,2,89144.4,15,4,163,2776.85,0
db231e6a-3db9-4d6e-895d-d729b38609ae,Large (250+),Healthcare,58,40,56121.62,15,5,173,9182.26,0
22af41bb-5fbb-4952-9956-8ac1440c5344,Small (<50),Retail,55,15,61490.42,19,5,285,17433.58,0
00f4b00b-3ca0-4c38-a7b6-48a32cec07e8,Large (250+),Healthcare,2,5,51100.71,3,1,178,17148.98,0
16c27df2-c4aa-4287-b30f-8041d2db5ec7,Medium (50-250),Retail,5,7,15325.16,2,5,93,11204.36,0
9059341a-afbb-4959-b722-067998cf3726,Large (250+),Tech,17,18,16687.69,4,1,281,16305.08,0
1cf86cae-c01e-4b51-8966-18a5afb7bf88,Large (250+),Finance,65,33,86620.71,1,4,2,2395.51,0
9414a6cd-b8a4-44b5-8d9e-21ed0e55b263,Large (250+),Manufacturing,67,41,41729.07,15,3,353,17907.03,0
171da9a9-4da2-408e-b98c-19d440430ea8,Medium (50-250),Finance,12,29,18584.74,0,5,130,8404.65,0
d71c35ec-f862-4d77-ae03-13f8174bfcc7,Small (<50),Finance,63,44,93200.68,23,1,292,5860.25,0
1ee00829-79d9-4e78-aadc-e26fbd0745f3,Enterprise (>1000),Retail,25,27,42971.85,12,2,311,6796.67,0
6d81738c-63df-4243-9e43-0bd84a1c8e80,Small (<50),Retail,15,16,75339.31,22,3,220,18801.96,0
e34b8458-9737-4f38-a6b5-4ea0595d3ede,Medium (50-250),Retail,51,29,94668.97,10,4,32,11521.5,0
0af21bb2-70de-4298-9b89-d83a77efc624,Small (<50),Healthcare,6,0,30751.39,11,3,333,17615.51,1
956b50e4-5501-49b4-af2f-4108560acdd6,Medium (50-250),Tech,28,5,33901.08,12,1,115,7902.59,0
374ea8db-96d5-436b-9afa-4d0f132c822e,Small (<50),Tech,61,48,68256.72,17,2,138,15099.26,0
1a0ea2ba-8db0-4c26-b9e5-7cfab14ee216,Small (<50),Healthcare,9,13,14805.85,20,1,128,2307.88,1
72c15266-4755-4c60-85b4-1e69534cd5a3,Enterprise (>1000),Manufacturing,70,8,93092.03,6,4,301,13314.59,0
07551264-cbce-4ea3-bdc9-e982cdcf9ee4,Enterprise (>1000),Retail,44,33,5615.11,1,4,266,19903.49,0
3f5b9a00-b1dc-47b1-a0bc-f642cad53de9,Enterprise (>1000),Healthcare,2,3,87311.95,24,1,216,7608.34,1
4290bef7-c849-45ea-a003-dd97fc435c98,Medium (50-250),Tech,36,6,39907.19,7,5,144,19441.04,0
94415a5b-0025-4449-8823-668a277c0f60,Enterprise (>1000),Finance,24,11,62110.15,17,3,65,11399.29,0
282d0020-ee85-4cdc-842d-ab9f536f9156,Enterprise (>1000),Manufacturing,37,30,75938.33,3,4,252,8870.65,0
718f8df5-8120-496d-9bae-5b52ac4659c2,Medium (50-250),Finance,53,19,67640.84,17,3,238,4845.35,0
4addae7c-d92e-43fe-90aa-1d50aed3691f,Medium (50-250),Manufacturing,33,11,59757.49,0,4,313,13486.25,0
857adb4b-fb65-4996-8f5e-3f9226bf20b8,Medium (50-250),Manufacturing,9,27,77762.41,13,2,268,2188.55,0
64343daf-77f7-494d-b154-3fd2664d3921,Large (250+),Tech,68,42,67908.61,1,1,278,2986.08,0
c7bf4fde-9f73-433d-9185-69b4ea8dcf14,Small (<50),Tech,50,30,77718.13,21,3,104,6401.76,0
0b76247e-7b99-4cfd-8402-3b49db638e30,Enterprise (>1000),Healthcare,35,32,11462.99,2,2,233,19164.72,0
8ed672f0-c993-4f12-95ff-39ebfbb7e0b8,Large (250+),Tech,13,18,14380.01,15,3,111,7240.43,0
e85b3ecc-8d85-4f1e-a6ae-f790766860e7,Medium (50-250),Finance,63,36,30690.9,20,1,316,18504.57,0
0930fbf9-256a-4656-8ea6-c22b65fc9444,Large (250+),Finance,48,15,18898.79,6,2,52,14234.16,0
67344ad5-84f9-4fa1-a4a6-8dfe6b6fe8f1,Small (<50),Tech,20,40,70889.76,21,4,157,15493.97,0
338a606c-b6ca-457c-b268-982b513b0b48,Small (<50),Finance,37,1,56272.33,24,3,299,5418.94,1
2ba3b985-a86e-4461-a780-513b75fbfcf7,Medium (50-250),Manufacturing,32,14,83914.33,17,1,328,16212.12,1
5d8f1144-85a5-4d13-8011-1ddf8b9232d6,Small (<50),Manufacturing,13,19,95058.94,1,2,150,7277.66,0
8bbc38fc-1a38-44eb-8401-35c5d645d4eb,Enterprise (>1000),Manufacturing,27,49,62627.69,20,3,33,9690.84,0
95286dcd-e0a0-47bc-bebe-821f12dc71e5,Small (<50),Healthcare,20,2,25515.11,9,4,99,10166.63,0
af89ffcf-dbdf-4465-82af-e5a028d0af30,Enterprise (>1000),Finance,60,15,33639.38,19,2,261,15872.02,1
40e613bf-70c7-4b93-962d-9490b9c0b841,Large (250+),Tech,26,25,16678.75,0,5,178,2576.84,0
a97be17a-5b52-4419-978a-e141536169e4,Small (<50),Manufacturing,49,38,50346.43,8,4,196,13620.81,0
a19d8f88-03f5-43c0-ada0-287c893e1aa3,Small (<50),Healthcare,21,38,30761.53,4,4,354,3696.74,0
019c6582-b928-4c29-be97-29bc1d57d2fc,Enterprise (>1000),Tech,50,27,34302.82,17,5,146,8796.08,0
de5fb25d-ce6d-4dd1-8e94-6da1121e424b,Medium (50-250),Finance,69,24,33512.05,2,5,250,3623.36,0
ff380961-b330-4acb-8811-6e0ea03ef8c3,Enterprise (>1000),Healthcare,43,3,50830.88,14,1,263,10340.63,1
8dde3b85-f007-4a82-8e8a-a65c7d553d96,Medium (50-250),Tech,7,17,80108.21,3,5,290,12517.19,0
dc6159b6-e4ff-4fc9-bd87-8dc4b21fc52b,Enterprise (>1000),Finance,64,21,41881.39,24,5,232,10278.79,0
070b748e-c469-441f-9e0c-2cac983a3ff8,Large (250+),Tech,50,31,29877.21,24,2,107,3174.93,0
5faceac1-5120-41f0-9a64-27e91acdacb8,Small (<50),Manufacturing,14,38,19361.59,7,4,204,11769.94,0
c9e97b3e-5045-4d99-9c16-fc2d60c45bfd,Enterprise (>1000),Tech,70,25,60145.07,10,3,45,15757.4,0
9b8d5fc2-e10c-49cf-a9ee-634503921255,Enterprise (>1000),Tech,45,28,61056.4,24,4,126,16688.8,0
08496c10-0968-4db5-9204-aef43b17c0bd,Large (250+),Tech,28,3,97922.29,8,2,263,18918.97,0
0ffe28f2-6618-4a95-9412-28397560a685,Enterprise (>1000),Finance,38,22,59662.09,23,5,117,4874.9,0
2e384b8f-99ef-4bf7-b16e-bfb3fcd5ed36,Small (<50),Finance,15,32,62594.47,12,5,292,10265.98,0
483d1425-d686-4e8d-b201-db8045fd3bdd,Medium (50-250),Retail,49,34,71416.67,11,5,224,10773.34,0
6cb725a7-6034-410d-905d-b1560c649b67,Medium (50-250),Finance,41,30,64083.97,9,4,232,3382.13,0
b8380ed3-e9db-4cd5-aece-4dcd2bcd91fe,Large (250+),Manufacturing,12,6,55319.36,11,3,149,19082.89,0
b2d80e76-1b07-4740-b755-6738edd4a97a,Medium (50-250),Manufacturing,63,10,99562.53,16,2,180,4554.98,0
10313300-2912-4467-82b9-5c4b713dc021,Large (250+),Manufacturing,48,24,56949.47,8,3,331,13171.13,0
a55f6fd3-0fc9-4831-80cd-57856f84229d,Enterprise (>1000),Finance,7,22,72124.46,0,4,349,6460.39,0
807e3cb2-5858-4b35-8a9b-3efad4e0cffd,Large (250+),Finance,60,20,11523.23,23,1,262,6894.25,0
1ef119f6-58c5-43c1-a9e7-f07ea33b7e01,Large (250+),Manufacturing,57,20,42588.41,17,1,20,7581.62,0
e264b216-ddb2-4eac-9fa1-962773c2fff4,Enterprise (>1000),Manufacturing,58,48,58436.95,3,5,130,10999.3,0
daecabc6-6b74-42b7-9160-a7a17877c754,Large (250+),Tech,21,33,19514.48,19,4,175,9966.6,0
b76bc7d1-578b-41e0-8030-b57fcdfbb5c9,Large (250+),Finance,22,34,43744.31,8,4,352,14589.56,1
850ea7f8-69ad-4e68-81bd-81b4bc81c633,Enterprise (>1000),Retail,8,11,82941.4,15,1,40,4063.58,0
723513cc-b380-4681-9488-2223fd22257c,Enterprise (>1000),Retail,29,23,56174.26,4,5,336,19597.8,0
2e689597-1359-443f-8a5f-a68da219ecaf,Large (250+),Tech,20,43,17458.21,9,1,118,17345.13,0
d0ee6553-b676-4d6a-9db9-aab3d587827b,Small (<50),Finance,30,27,27985.12,20,4,5,5779.7,0
d95402f2-7ea3-4a59-90be-af58cd88ca10,Medium (50-250),Retail,13,3,49128.01,7,4,347,17639.56,0
27340bde-dd6c-4a60-93f6-d23dc4c91c9d,Large (250+),Manufacturing,59,41,64446.02,12,1,22,7662.99,0
a77757de-6dbf-433f-8af5-cbb7c5f90eff,Small (<50),Healthcare,30,31,50574.0,12,4,105,2251.61,0
169ea645-fcff-4571-9a35-3e380325a5d1,Medium (50-250),Tech,63,35,9592.91,11,2,341,7017.68,1
b19b9b31-3f76-4b9c-a8bc-5041bf12ebad,Large (250+),Healthcare,29,17,19215.02,16,1,69,5073.5,0
10e69927-88d5-4af5-a908-45ead73dfc47,Enterprise (>1000),Healthcare,59,40,18546.55,7,3,318,19023.95,0
3348cacc-e551-46ac-86c4-001079203824,Medium (50-250),Retail,51,23,83934.03,12,4,195,14343.46,0
648111d0-6ba8-41d3-904e-2afebd8dcf47,Small (<50),Tech,15,48,73011.82,23,4,266,19377.85,1
73a86ee8-86aa-4056-b8bf-4b20a9df542a,Large (250+),Healthcare,67,8,98035.15,4,1,38,15735.04,0
2e3c4bd8-b95b-4fc4-acfc-b0d85b042098,Enterprise (>1000),Manufacturing,29,14,17427.56,23,3,278,5311.77,1
ddea3273-0cc4-4f52-b747-ad136b985c15,Small (<50),Tech,19,39,35300.41,10,1,21,6603.56,0
d9b602e7-3c1c-4feb-81e6-ccf738424daa,Medium (50-250),Finance,68,7,18622.22,18,4,53,8603.35,0
e06d9e40-2c48-4b85-9a51-11d2e7292e76,Large (250+),Healthcare,63,38,77526.33,15,4,50,1115.58,0
2316bde2-cb23-4646-a708-83fe509073d1,Large (250+),Tech,52,11,36686.87,14,1,65,4109.32,0
62d1b3dc-9477-4efc-9787-588580e8ee83,Large (250+),Tech,32,41,13235.32,4,2,157,11295.62,0
8734bcbd-dc97-44ee-953a-fd5ad627c9ee,Large (250+),Retail,24,4,87642.22,6,3,105,14917.03,0
6814fde9-35c9-47be-8c95-f38a7ccdd4dd,Small (<50),Tech,16,29,58357.83,23,5,243,5415.89,0
991301fb-9373-440a-9741-316ba254bd3f,Enterprise (>1000),Manufacturing,7,46,67879.85,11,5,293,3524.76,0
e36bceef-456e-4cb3-ba56-778825c21548,Medium (50-250),Tech,20,18,99221.25,17,1,21,12536.69,0
584ee402-9df1-497b-9d4e-4e48bb592bb5,Small (<50),Tech,1,17,8650.65,24,1,331,1626.03,1
421abc8e-6b97-4c82-876f-0d90f8ffbb5a,Enterprise (>1000),Manufacturing,51,45,59535.01,22,4,311,1727.54,0
a912dbe5-c6be-4299-b49b-0303d9786532,Medium (50-250),Manufacturing,69,38,82555.86,3,4,0,1495.42,0
fff33e92-d492-466f-91fb-bf1a2f4d4c9c,Small (<50),Healthcare,48,40,97719.06,10,3,4,14650.8,0
9786132d-fb07-49cd-bdc8-cde875107162,Large (250+),Finance,40,1,34240.76,16,2,154,16435.45,0
1fd45d51-27da-45aa-a435-b33cef434991,Large (250+),Tech,20,43,10609.83,3,1,318,19282.25,0
b09ddba3-36b8-4990-8d21-b87b2d7c269e,Large (250+),Manufacturing,44,33,58665.28,11,2,148,15857.6,0
b297f409-87ce-4170-b278-830333e97300,Small (<50),Finance,38,8,43814.98,23,4,339,18650.26,1
220852fc-5ec8-4660-a036-52246660ee65,Enterprise (>1000),Healthcare,58,9,28460.73,14,3,99,18961.68,0
cccec1f7-8dce-4df3-b78b-8f217d6464bb,Large (250+),Retail,57,23,43792.7,10,2,260,12886.69,1
d42941e1-5205-4e70-930c-7e4d7c6f2420,Small (<50),Healthcare,8,27,34655.67,6,2,241,7269.12,1
0e3e0c57-d0bd-41ff-9c33-42546853ec85,Large (250+),Finance,71,5,65585.3,17,5,196,17731.83,0
d9d84cda-9316-43c0-a214-22254f43be7d,Small (<50),Retail,44,9,24343.23,4,1,32,15463.66,0
3995c3d0-4662-49fc-8ee3-3d9b17320b11,Small (<50),Manufacturing,35,41,13006.19,7,1,16,13264.1,0
c6e44c0c-1c4d-4f4c-bdcd-949272a4c5d3,Medium (50-250),Finance,6,0,30118.34,8,2,163,14391.3,0
30212b0f-522c-41b8-9473-599c0eb5bb0e,Large (250+),Tech,8,2,53833.45,0,1,207,7737.7,0
7a825168-1114-40d2-ab87-09b276795c2f,Large (250+),Manufacturing,39,14,18652.59,15,3,134,3237.32,0
f6c0c01d-6cc3-478f-9580-cf2cc734ef3b,Large (250+),Finance,70,5,93131.71,19,5,355,12718.33,0
eebaf29c-1527-4fac-8697-5e1a9544ada0,Large (250+),Manufacturing,42,13,34433.39,2,1,353,2976.36,1
38f0513e-4c6b-4066-aba7-33b76cb61a3b,Medium (50-250),Finance,4,2,82267.96,16,1,284,16061.51,1
3be8ded8-0220-4f10-b02a-27737f847c3d,Enterprise (>1000),Finance,27,14,28240.1,13,5,317,18802.28,0
6cf11b8a-ac7a-46d2-b8ee-87498879d4e7,Enterprise (>1000),Tech,62,48,25472.59,22,4,351,19925.33,0
7ab3914d-bdb3-4799-9a68-fe60352e100b,Large (250+),Finance,65,24,13098.6,15,2,109,2293.29,0
3dde4b90-55a0-4e8b-aac7-49aed1339aaa,Small (<50),Finance,38,47,95080.7,8,2,13,5722.88,0
b48350fd-3d9d-4e2a-9be1-6c47fb008713,Large (250+),Retail,52,23,49403.78,5,3,172,10550.85,0
0c1484f9-ff4c-4452-aa1c-58fa4bf42d4b,Large (250+),Retail,24,25,68725.47,7,1,128,16052.9,0
b9354697-3be7-4681-b6b4-9716b64a57aa,Small (<50),Retail,13,33,7044.71,5,4,316,12351.83,0
cb02ec9e-3b3c-4ab4-a769-0d8269c811f8,Large (250+),Finance,20,48,90409.39,12,4,89,13255.1,0
9c62bf82-b4aa-4cd0-9521-d0d60cab90dc,Enterprise (>1000),Manufacturing,16,15,7768.46,22,5,199,6480.63,0
2a2d3861-f580-4a4b-a714-7963310718ee,Small (<50),Healthcare,58,26,84608.08,8,3,201,11759.36,0
1d50be01-93b6-46f3-a168-ed208e7bfc8e,Large (250+),Retail,51,40,41754.48,0,2,318,4903.87,0
41d48796-64e8-4073-ba41-107bb834322e,Enterprise (>1000),Retail,42,20,62348.58,24,5,37,7150.47,0
64783d73-f5e2-4f9d-9423-63e43eeb1e89,Medium (50-250),Tech,66,37,57257.45,9,5,145,7473.55,0
6779c101-4362-4b87-a958-2d2660122c74,Large (250+),Retail,38,23,31067.35,24,2,164,11546.45,0
19f3c75f-3c94-494b-b687-b1937be6fb3d,Large (250+),Retail,48,41,29690.1,16,5,356,12020.57,1
5719d984-f554-4e4a-962a-c291ce537000,Medium (50-250),Tech,12,12,13028.78,1,4,359,11264.6,0
e3c3ea3b-c008-4f50-a937-96ca4d71e12e,Medium (50-250),Finance,22,32,97025.42,11,2,35,3791.82,0
79a6b76d-dd06-46df-8542-557454c82a33,Medium (50-250),Healthcare,4,29,64289.58,15,5,242,5627.29,0
301a2398-8084-4665-89cf-fb608c5b682b,Enterprise (>1000),Retail,3,29,41271.72,14,5,237,15224.04,0
9eac35a8-d5cb-41a8-84c6-b5edf8df84e1,Small (<50),Retail,23,18,9501.19,0,4,43,4099.7,0
e8d80d26-5664-4ecf-a666-b7f7cd5e8f5e,Enterprise (>1000),Retail,3,45,66544.92,0,4,129,17235.43,0
9ab54d3c-fdde-4f33-aa1b-fa8e57c959cb,Small (<50),Retail,14,18,74967.09,16,3,5,16320.73,0
0d35d9e9-b7f2-40d5-8c58-68dc0e8449f6,Medium (50-250),Manufacturing,54,11,51220.46,23,4,190,4806.15,0
846686ff-813b-48db-8ec9-e6bca38dd00b,Medium (50-250),Manufacturing,56,17,57041.02,8,1,9,15458.18,0
a40c087c-722f-4d76-98f5-c6096971f6d1,Enterprise (>1000),Tech,46,8,88546.22,16,1,221,18309.26,1
99a8c2a8-79c5-4a6a-8a2e-21cdf460ca8f,Enterprise (>1000),Healthcare,10,17,24846.62,0,1,50,6188.7,0
96714251-d4c3-4af8-b7ac-c915af62ad19,Large (250+),Manufacturing,70,10,51467.66,4,5,32,7620.0,0
bef00e02-748d-4585-bd03-62fa040b210a,Enterprise (>1000),Retail,16,5,10967.6,11,4,92,9354.22,0
591e5107-f324-4453-8e99-2042ed6e6624,Enterprise (>1000),Finance,15,44,56668.72,9,4,163,18641.17,0
69f1f4e5-b7b6-4d44-a3ff-35aba990167e,Medium (50-250),Manufacturing,69,21,73550.6,7,4,296,7886.2,0
3c692cb6-4fdb-45b6-9653-caf8ba284bfd,Enterprise (>1000),Healthcare,24,41,56202.11,9,2,40,7483.25,0
18d6dcb3-d7b0-4ace-b19e-9bdc71ad9969,Enterprise (>1000),Healthcare,67,44,14724.06,11,3,111,16356.79,0
03a16621-88e9-46fa-8b4b-d2606d1310d6,Enterprise (>1000),Manufacturing,59,38,89717.89,8,5,211,16685.81,0
60b01bf2-310a-410d-b511-eebe2030ec5a,Medium (50-250),Retail,42,32,78414.77,10,1,246,19993.35,0
da554abc-cdde-4295-b7a6-2c96f61736a4,Medium (50-250),Finance,35,21,26069.82,17,5,36,19127.22,0
6d26062d-bccd-4ce1-bba6-549b8195eb25,Enterprise (>1000),Manufacturing,7,31,10461.88,10,1,151,7542.77,0
abf904a1-06c5-412c-b677-ae59ad7177b3,Enterprise (>1000),Tech,37,6,23702.81,7,3,169,2525.85,0
20e75ce0-2f3b-4571-8d3b-79bf08f726ec,Medium (50-250),Retail,60,15,39023.57,17,2,218,7253.62,0
7db214fa-373e-4680-b7db-a068b685c2ad,Small (<50),Manufacturing,69,2,82479.78,17,5,149,16752.93,0
4bdf1395-4d8d-4ae4-a298-34fca6b7e33d,Small (<50),Healthcare,11,5,34195.14,4,3,15,13912.13,0
b78c7f50-666d-4566-88cb-631820e8e291,Small (<50),Finance,17,47,72856.7,21,4,294,15962.81,0
ec0e52e4-0b9e-449a-b741-e3c19df816d4,Large (250+),Finance,52,17,21585.61,5,3,3,13240.56,0
3fd7ca8b-d8ea-4e07-bb49-b9f7fa33e041,Medium (50-250),Manufacturing,63,36,12687.68,3,2,325,11234.58,0
fec09bda-87ba-42b9-a077-e3a088adbdfe,Large (250+),Tech,37,19,79460.25,19,4,303,8985.16,0
025c662d-7457-482d-81dc-4c79c516232c,Small (<50),Tech,28,34,84003.14,24,4,109,15394.98,0
7132dab9-f7e1-46d1-b775-8305de1b32d2,Large (250+),Healthcare,19,30,23410.67,13,1,314,19291.77,1
09fc6499-eeae-414e-84f9-5276869674cf,Large (250+),Manufacturing,36,4,9026.12,21,3,113,15131.35,0
86664a92-e0be-4b73-b895-644840644fdf,Large (250+),Finance,46,40,60575.75,9,3,356,4064.91,0
88ce39b0-dcd7-422c-b55b-bc63df95cd2f,Small (<50),Healthcare,2,22,91881.6,11,4,165,16773.45,0
50e2df4f-efbb-4d93-85c2-df75305064c2,Large (250+),Tech,56,12,61274.6,2,2,345,14282.36,1
ecb4f0fe-e2cb-40c6-a530-d37618409630,Small (<50),Manufacturing,47,10,73029.59,18,3,338,10922.29,1
dac9d220-e764-44be-b009-a1d5b0cfcef5,Small (<50),Tech,20,43,74818.67,13,4,105,6838.37,0
4d83bf1b-3c92-4482-9fe0-f25d352e9f0a,Medium (50-250),Retail,65,23,63419.34,3,4,215,11842.44,0
23c9f03f-5930-45cb-900c-6c0fb32fb349,Medium (50-250),Manufacturing,50,43,84099.9,21,5,146,17983.87,0
b13b01c4-3b0d-47ef-8284-397cc61b06fd,Enterprise (>1000),Manufacturing,33,37,36302.3,9,2,214,7310.02,0
f0be4b2c-663f-4410-9842-b4bb203fa33c,Medium (50-250),Finance,5,6,14494.24,7,2,223,16949.17,0
2511261b-0c8a-46de-b6cc-c3f5a0046f44,Enterprise (>1000),Healthcare,39,13,16720.8,7,2,242,11469.68,0
5e1c78a7-6aa1-4716-91d0-239b353a4b42,Small (<50),Finance,30,41,42193.8,2,3,35,9974.86,0
d0534697-00a7-4317-a778-38dcca110ed3,Small (<50),Healthcare,8,7,18116.21,14,2,335,16726.57,1
f2bf064d-ca58-4001-b254-117309c34cae,Small (<50),Tech,37,5,28850.25,7,4,306,8704.18,0
3f280e36-3a36-41e6-b02b-fa9ad10358d0,Medium (50-250),Tech,65,18,48470.79,13,2,349,3113.68,0
05d192a1-4731-4116-9609-4258b223a55b,Medium (50-250),Tech,63,25,77926.23,11,1,172,14587.45,0
62dd38bd-bb4c-4e70-98eb-86c185ee03ee,Medium (50-250),Healthcare,7,25,73896.36,2,1,357,7338.91,1
015388f5-e6ad-46bc-b2f0-022b0877e13e,Large (250+),Healthcare,26,11,15092.21,2,2,220,7913.61,1
34ae772c-f62e-48c0-bb21-c8df9e745f0d,Large (250+),Tech,46,13,62787.87,19,5,111,17530.92,0
bf2fa86f-c0f2-4f04-bf07-85a1256f7f0e,Enterprise (>1000),Manufacturing,11,45,87110.58,15,4,72,14051.53,0
141e08b9-7034-4e36-8ec9-8eb181fc87a1,Enterprise (>1000),Tech,24,16,81241.03,19,5,305,8273.41,0
7fbdd208-6828-4c34-89a4-595d081db90b,Large (250+),Retail,34,41,17381.9,22,4,124,2709.66,0
15a7cf8c-23e2-4cf2-b5e0-03cdce9d8247,Enterprise (>1000),Healthcare,44,31,29971.48,0,1,49,4817.18,0
91bb46d1-3285-42e0-a2c0-f07500451975,Enterprise (>1000),Finance,50,8,22252.15,3,2,74,1677.55,0
06a61c8d-363d-4885-bab2-be447759eaec,Large (250+),Tech,7,5,89489.31,13,3,128,7048.19,0
705d235f-e87e-433e-9517-66f906790279,Small (<50),Finance,3,17,41649.41,14,5,175,9961.38,0
f6f13e85-3735-4f2a-ac66-cf9c04264366,Large (250+),Finance,2,26,72121.79,17,1,329,19787.98,1
e892b9fc-5446-4ad9-89cb-4f47cc945589,Small (<50),Tech,6,21,28826.71,14,4,310,1365.82,0
5048e834-6e5b-4d0a-a761-861e6616c8eb,Medium (50-250),Retail,38,25,40744.92,14,1,2,8616.05,0
2b6b8131-cb43-4e16-bb02-07fd9da5f899,Enterprise (>1000),Tech,38,21,26861.16,21,2,88,6318.05,0
ec2a5d69-aa68-4641-87f4-55a3aa5dab2f,Large (250+),Manufacturing,27,18,50284.52,5,5,217,5234.27,0
7665c717-0432-4ffe-abd5-37d176b1c5c1,Medium (50-250),Manufacturing,17,25,43281.41,16,3,185,17371.4,0
359bb825-e364-45a5-ac53-78af60aa9bff,Small (<50),Finance,21,44,19969.5,10,5,187,3118.68,0
2655d5a1-5825-487e-93cc-4f5cf65c9b55,Large (250+),Healthcare,51,44,91315.86,18,1,197,11374.97,0
5ab0e16b-07e8-4b90-8728-1bd0295f80f2,Enterprise (>1000),Retail,61,34,87823.11,2,5,184,14544.34,0
8b92b0be-f722-4b70-9926-971a5d5a7c33,Medium (50-250),Retail,8,0,49038.41,1,1,237,6557.38,0
ec6fb943-d757-44a8-b214-c3230d0fc5e1,Enterprise (>1000),Healthcare,38,16,75822.36,7,4,21,17098.06,0
71ca450e-c3f0-48ab-b1d8-ac4a7d55c4cf,Enterprise (>1000),Healthcare,40,34,56725.75,10,1,84,2151.4,0
7dc3f96f-3d70-472b-9f2f-3256e12aeed2,Large (250+),Healthcare,43,13,99820.54,17,3,37,3713.66,0
3b46f400-6e6e-4c11-ae73-b9cc6f5832ea,Enterprise (>1000),Finance,11,45,39659.11,6,1,223,5733.72,0
34f40f12-138b-4c64-859d-7c07a2df62ef,Medium (50-250),Tech,6,12,40748.41,12,3,133,7461.75,0
f6024b1c-7deb-4c95-8850-9f0501a6a601,Enterprise (>1000),Finance,70,36,64746.12,21,4,346,1394.38,1
7e373169-69d8-4c62-8f2f-d186f28bd188,Enterprise (>1000),Retail,63,49,37199.85,8,1,328,4242.25,0
e49caaac-632e-4435-ad36-f353bf9ebbdf,Small (<50),Tech,4,3,23756.06,12,5,52,11269.18,0
0f26cfc7-014f-483f-8741-d0279e51966b,Large (250+),Tech,8,29,79212.36,24,4,67,19847.16,0
279c4e88-5faa-49a6-b38a-82a53c68d52e,Large (250+),Tech,66,23,23238.95,24,5,40,3727.28,0
282c020c-cdd3-4c87-81ab-bc3255633ce6,Small (<50),Healthcare,43,31,60179.92,5,5,123,12272.65,0
b87b9719-db7f-4d30-ad06-a05d1e70766e,Medium (50-250),Manufacturing,12,23,41056.46,21,2,80,13600.14,0
8367beae-ea23-45cf-9eb1-27e82e71b17f,Large (250+),Finance,36,31,75066.1,7,1,223,11079.56,0
8e3cc993-4ba6-42d9-a71b-514bdd8ed6aa,Enterprise (>1000),Finance,26,10,74708.19,0,4,40,2490.38,0
eca38165-e5e4-4b47-b0ae-d639c631bc27,Enterprise (>1000),Manufacturing,71,31,14627.85,17,4,266,10744.25,0
8e9d1715-3c63-4809-99c2-5b00abed830c,Medium (50-250),Finance,29,44,26839.77,0,2,164,9372.64,0
8091d09c-5fc2-4ac7-bbbe-fc1dc0699714,Large (250+),Tech,3,41,59309.19,12,2,60,17106.93,0
161a92fd-b4a1-4fd7-ac2d-0d01b674d2c2,Medium (50-250),Retail,4,17,94916.03,18,3,49,9648.68,0
bc14f4ad-f83b-4beb-bc6d-244c82e9a0d9,Enterprise (>1000),Manufacturing,23,25,23970.38,16,5,90,18601.23,0
4a007f4c-3ddf-4cc4-bfbc-f0589df35286,Small (<50),Finance,8,9,43051.15,17,4,304,7105.99,1
1bcb0227-916c-493b-9f8e-2d157a4d23cb,Small (<50),Manufacturing,65,22,43502.65,22,5,130,8132.12,0
9e2e01c2-6055-4136-8001-4b2c31efc5d3,Enterprise (>1000),Healthcare,54,16,22582.0,21,3,329,16000.88,1
7b0e8cce-4f5f-4df2-b63c-c00bdbb8b775,Large (250+),Manufacturing,65,16,40862.49,21,4,351,19234.75,0
ad226160-5792-4f07-b4ec-d8a279ca0371,Medium (50-250),Manufacturing,29,22,25518.67,16,5,185,10073.67,0
b2122853-73f3-4d0d-bcc0-869cfd32b332,Enterprise (>1000),Tech,56,2,94641.7,21,2,121,18315.6,0
0dac8d8f-69b2-43fd-9675-48c8143b096f,Large (250+),Retail,59,12,69145.22,3,1,277,16835.46,0
294a22b4-595d-45d3-94b5-1352ab5cc167,Large (250+),Finance,10,45,17947.59,4,1,217,19099.69,0
dce04d71-5cb1-44f2-a1d4-fd2bd567c176,Large (250+),Tech,6,19,31202.84,15,1,80,1143.77,0
ab1d5411-53b8-48a4-8453-5e73a095e90e,Small (<50),Finance,54,47,78657.03,13,4,58,3608.01,0
3e90bf45-9be5-4dc4-93d5-196c7fafc6c3,Small (<50),Healthcare,2,18,40039.65,1,3,89,9340.47,0
8122f744-1f76-4052-930a-fbdc80b151b7,Enterprise (>1000),Retail,55,35,66799.97,20,2,89,1922.01,0
f6b3aef3-3152-4c96-859b-33128e5649fe,Small (<50),Tech,45,38,13154.7,8,2,293,3856.14,1
70aa3f60-4b1c-4a07-ae63-13560f1b82a0,Large (250+),Tech,71,45,9937.32,9,4,194,13546.63,0
4fe4c22a-a9c3-43fc-a48c-6f60c82c20cd,Enterprise (>1000),Healthcare,63,13,14294.77,18,2,324,9363.52,1
3c2e96eb-cec7-4cae-ac31-b9697e106485,Medium (50-250),Tech,55,24,6519.24,2,1,11,9152.32,0
bc2c79cf-e474-4e3b-b9e3-cfab1683cb4b,Large (250+),Finance,63,28,82029.8,5,3,181,16993.36,0
4e38ee9b-6b88-49b7-a246-8f5f48723ea6,Enterprise (>1000),Manufacturing,5,25,43658.82,24,5,314,12374.84,1
27c17c5f-053b-4bcc-a1ba-55ac1aeb1a44,Large (250+),Tech,55,47,60740.32,12,4,76,16085.99,0
e4c2ce9d-855b-45cf-9321-6f7853527e10,Medium (50-250),Tech,14,12,59784.15,16,4,209,13658.11,0
e9fbc8ef-3009-4d27-b005-5b2a0ab32545,Enterprise (>1000),Healthcare,15,32,26167.06,0,3,265,17852.07,0
be6d8273-06bb-4d05-b835-b81ca9a9f7de,Large (250+),Healthcare,53,4,20264.35,20,3,19,12813.14,0
8fea61e4-7650-43ec-9415-498b7e14075f,Enterprise (>1000),Tech,2,11,15946.04,23,1,30,6279.12,0
a362c61f-14c3-40af-a5da-3e942220758a,Enterprise (>1000),Healthcare,53,11,41184.94,4,2,56,15291.63,0
d34cd792-f023-4f6c-a79d-4d5acfe10343,Medium (50-250),Retail,13,20,58224.23,10,3,3,12657.15,0
08e9cab9-657f-4b42-9ac4-dcb99ef5cb4b,Enterprise (>1000),Finance,38,19,86746.45,15,1,328,1115.27,1
ebb47457-1fcb-4812-909a-8a944ac15ab9,Large (250+),Manufacturing,45,11,47869.96,19,5,104,18031.41,0
7c106efc-f8e9-4efe-82ce-5dadf2b8fd9c,Medium (50-250),Healthcare,57,40,34506.69,20,2,323,17886.36,1
84e9292c-56bb-417a-9bcb-84d70b98c109,Small (<50),Finance,69,21,62550.28,16,2,10,19981.86,0
b47c976d-6a77-4f5f-9899-5760c8f7fa5f,Large (250+),Retail,6,22,34694.04,0,4,138,17462.61,0
e25d2094-970a-4450-98f2-d5108ca68614,Enterprise (>1000),Healthcare,60,34,28793.03,18,5,322,5848.27,0
93e7ec7f-f840-420a-8fd8-06151cbf8251,Enterprise (>1000),Healthcare,54,1,84062.55,17,2,297,15048.69,1
47c3ebc8-00be-49f3-8220-857c27ef9432,Large (250+),Finance,59,48,48150.03,9,4,121,4016.47,0
64cd98fa-c309-4453-996e-d542f7864b11,Enterprise (>1000),Finance,65,13,98648.58,2,3,90,19798.46,0
93a87859-4883-4139-96fe-637eea60f5a4,Small (<50),Manufacturing,69,35,22516.4,8,4,26,8566.41,0
e8910b73-c5d6-4009-bd11-72b96432dfa7,Large (250+),Manufacturing,11,36,64694.99,14,2,327,13287.44,1
6468d780-4f80-476a-874d-c403a9d263c2,Medium (50-250),Healthcare,4,25,84436.72,24,4,123,18986.4,0
b4e039fd-378b-4f28-b790-3747caf81dbf,Enterprise (>1000),Healthcare,54,30,31626.85,19,5,271,2279.11,0
e21909c6-92c0-4a96-b241-39c16b4a59c6,Small (<50),Manufacturing,47,47,59873.57,9,3,276,8907.68,0
d4036af8-922f-42d8-8ee2-d969dc78eaef,Medium (50-250),Healthcare,39,40,78432.01,15,1,312,18774.02,1
9bcc496f-d89d-4123-a022-7b51e503c585,Medium (50-250),Manufacturing,62,48,81788.86,19,3,85,8492.63,0
35da511a-f09e-497d-a047-f804c79d02ee,Medium (50-250),Finance,40,0,71999.7,19,4,102,2116.47,0
7b1c4b58-ac34-4c74-bb03-3b8e1aae4145,Large (250+),Finance,20,46,54532.14,21,1,183,4821.56,0
06c47ca3-05c6-421b-aee3-3c3ee3c9a8b7,Enterprise (>1000),Tech,50,7,67041.64,0,3,287,16373.14,0
86e89196-49d9-44f0-913a-e853ec2a10e6,Large (250+),Tech,3,15,9140.09,17,1,208,18040.44,0
087b99a0-09f0-4342-a095-a8aaa1dbecaf,Large (250+),Healthcare,8,46,18663.06,5,1,346,12211.69,1
754258f2-b18f-4381-a49a-1aeb94c42a6a,Large (250+),Tech,3,10,46314.5,11,3,131,12444.67,0
bacac06b-2fc4-4d81-9537-6c8a74b28e3b,Small (<50),Manufacturing,45,14,91831.72,20,3,348,17828.42,1
22cb9c34-aa6e-4c4f-b769-171bc39fd627,Enterprise (>1000),Healthcare,40,24,9809.84,17,1,0,7790.72,0
0ffeb8c4-2536-43d0-a4a1-ee6119ea28d6,Small (<50),Retail,48,42,60488.46,20,4,272,5044.55,0
ae11f39c-09b1-4b11-8cce-df6413b557a0,Large (250+),Manufacturing,53,48,38885.66,7,4,335,1321.78,0
6becc5ab-1bdf-4b0f-9269-bb21c19340c9,Medium (50-250),Manufacturing,67,47,72851.14,20,3,143,12834.86,0
ad49da9d-2fd0-462f-9f4a-2e737ac26dcd,Small (<50),Tech,15,11,94752.77,19,2,37,15803.67,0
d5f7d778-34a9-44c8-9ae4-98d321e94a5c,Medium (50-250),Retail,62,32,77156.63,4,3,212,19493.42,0
150c6bbb-3bb3-4155-a4f5-adfd5f35f159,Medium (50-250),Retail,45,34,65056.86,15,1,136,17423.17,0
ed5e8941-3309-4e61-9d9f-1e541aae495d,Medium (50-250),Tech,70,33,46769.06,12,2,140,9637.78,0
5171ea4f-0a11-44f7-b622-9ac230fc1751,Enterprise (>1000),Retail,2,15,37682.89,3,2,322,5928.32,1
c107e3ea-364c-4aa6-8036-cfcd54516f17,Large (250+),Healthcare,33,37,15615.45,19,2,323,7864.92,0
07be1527-624a-42bd-a679-bc864628c733,Small (<50),Finance,8,44,43987.75,4,1,105,18721.32,0
aaa20c21-de4f-4f3d-ba0d-d30f5d8ef4d0,Medium (50-250),Tech,47,33,30835.17,17,1,129,3542.47,0
6a793681-fb8e-4759-9edb-0c1385a82dd9,Medium (50-250),Healthcare,36,48,77322.37,2,1,89,4170.11,0
513b283c-b2d6-4670-95c7-ffaea4674054,Large (250+),Tech,25,38,92249.65,21,2,7,13811.26,0
d424585a-31f3-474d-82be-eaea2ae7e870,Large (250+),Manufacturing,44,10,45412.7,8,1,221,7947.41,0
673e71e8-7ddc-4c17-b284-ec04cb3f259c,Large (250+),Finance,65,6,5921.77,23,2,129,6070.82,0
31ec53dc-50bb-4874-ae62-360034c1efd5,Large (250+),Healthcare,37,13,40064.44,7,2,37,6854.62,0
3cd5e8cf-d9e8-4090-8d97-6c34ac83150a,Large (250+),Manufacturing,32,42,56942.88,15,1,213,13441.58,0
140e3872-d820-4ea6-bf71-4a3b9119cc94,Medium (50-250),Finance,23,20,93124.1,11,2,83,17788.58,0
f6344a2e-59b5-4dfa-9322-0a8ecefa5918,Small (<50),Tech,63,46,85492.35,5,1,285,13895.35,0
c22c5902-ecc1-4593-b6a7-8f0087357422,Enterprise (>1000),Healthcare,6,3,86785.77,23,1,297,6671.05,1
9a976309-18a2-4d26-ab51-68a16aa92f0e,Medium (50-250),Tech,37,24,18606.63,6,4,312,10927.36,0
527736ab-fec3-4f12-81c3-84ff8c0dc1c9,Medium (50-250),Retail,51,22,67370.22,0,3,83,17493.94,0
53f9c576-df4a-4aed-862e-0e673a4b6a1b,Enterprise (>1000),Finance,16,2,84246.54,12,4,190,9669.26,0
c8bee153-d2c9-4d99-b036-0314b696419b,Large (250+),Retail,32,41,5731.34,15,3,158,17802.49,0
8855330d-5cde-43bc-b72f-c0cf8b7d960c,Large (250+),Tech,60,41,61977.5,13,1,16,8221.98,0
df61802b-3ea9-4e37-9081-e198e4b0d18c,Enterprise (>1000),Finance,32,15,92612.74,6,4,104,4170.19,0
c02705d8-5736-4aa3-885e-18be8562022d,Enterprise (>1000),Retail,58,48,44529.31,24,3,292,6291.11,0
53be23ed-f939-4d22-889a-dad493949751,Small (<50),Finance,28,9,65370.35,9,2,260,1602.07,1
7b6d071b-6f6a-4d19-a1f5-bac59cdcf830,Enterprise (>1000),Tech,47,23,88379.94,3,1,12,18400.52,0
16bfea73-5f8f-4078-a33e-b82722b7d8f2,Small (<50),Tech,36,34,45488.2,13,5,141,18367.87,0
dad2a0f4-812e-4a63-abfa-613849c57eac,Small (<50),Retail,67,4,45611.51,9,1,206,18422.97,0
ae479d43-d369-4db5-bc5d-b44543044700,Small (<50),Manufacturing,62,35,87916.32,12,5,221,5662.22,0
5778692c-d7da-4158-965f-bc5e0c99dd2d,Enterprise (>1000),Finance,60,27,62277.69,23,5,284,1755.0,0
2f26c5f6-3aec-4b67-8b6a-6d14e0a3087d,Enterprise (>1000),Healthcare,50,15,95309.81,5,2,263,17131.32,0
d4a13bde-f8a3-4332-b70f-3aeef77086d5,Enterprise (>1000),Manufacturing,36,27,15288.88,10,2,14,16485.0,0
1a5e5f4a-d2f6-4649-b7b2-bd3ccfbe9d5b,Small (<50),Tech,5,24,78395.64,22,1,10,10722.92,0
57495fb1-73ec-4c3b-8751-9b691c512387,Small (<50),Finance,60,30,96336.63,4,1,41,8088.79,0
0dd14700-1443-46e8-9272-d306f09a5a7d,Medium (50-250),Finance,18,43,62017.45,7,1,46,10878.25,0
5edaf563-a6bd-4288-8d56-e0a7cd9b0493,Small (<50),Tech,35,2,41104.19,1,5,71,16261.53,0
7a766e84-a255-4135-8616-3af8e08b7df5,Large (250+),Tech,19,17,16077.68,21,5,62,13543.91,0
71e90a63-9d7c-4e7a-93b9-c54387b12c2e,Large (250+),Retail,68,45,97661.3,22,2,301,17972.53,0
e4a341a3-404a-4320-b41b-ccfe20f40fd4,Small (<50),Manufacturing,5,40,23220.7,22,2,341,6706.76,1
997ab394-ac94-4030-a943-210ea05cee34,Small (<50),Retail,21,32,37770.31,22,2,37,2420.81,0
b53c0736-1ac9-4c80-b41b-9bace2a50925,Enterprise (>1000),Retail,21,4,68228.73,15,2,257,16894.08,1
9b25c880-6946-4480-b1ec-749606e8926c,Small (<50),Healthcare,1,44,89700.76,2,3,207,16001.84,0
27643758-5258-4d2b-8fa9-896ad605c0c6,Small (<50),Finance,49,35,33453.78,14,4,228,1675.37,0
b9f483d9-78a3-4af1-a8d9-172e8f6313d5,Medium (50-250),Retail,56,29,80285.53,6,3,211,2453.93,0
2c1edcad-3c60-489a-b7f2-709828f3e6ec,Large (250+),Finance,47,31,10509.34,21,2,304,17990.74,1
475b6d3c-524d-4179-8ef8-f0ad8bb7f366,Small (<50),Tech,30,3,66727.68,9,3,134,6985.92,0
0e2aa059-a345-4b41-a129-7c32efe35b73,Enterprise (>1000),Manufacturing,27,37,55803.92,19,3,223,2428.73,0
e0497ffd-6056-4257-9624-8125dabe1c66,Enterprise (>1000),Manufacturing,12,33,13518.16,0,1,167,11836.75,0
53b14d35-b2c8-4f9a-aa83-c15726d03017,Small (<50),Tech,61,19,10937.24,23,3,141,19375.1,0
01154fb6-9377-4e02-9a92-f15908c1f2c0,Small (<50),Finance,48,37,58426.58,19,3,2,18202.77,0
3c4ccdad-d81d-4db5-9d0a-22d2afdc170e,Enterprise (>1000),Healthcare,45,7,87669.44,1,1,199,12106.38,0
416257ed-91c7-4cd2-ab78-6bf0428ab6b5,Medium (50-250),Tech,67,37,71771.41,16,3,331,14595.29,1
61006bd9-45c3-429b-bd23-b20fa2eaea76,Large (250+),Manufacturing,56,31,95874.86,3,1,330,9007.51,1
564cfbdc-c050-40f2-9eb4-8043ef109dd1,Small (<50),Tech,62,21,35012.44,9,1,222,13858.64,0
7a0de1e7-3ede-4245-8870-0abb55758c76,Enterprise (>1000),Manufacturing,39,14,43737.44,5,5,313,3451.33,0
68d6c5d9-8c2e-41ee-a403-dc2e67b83b62,Large (250+),Retail,65,26,63644.07,4,4,75,19535.14,0
068c40ea-6a13-48f2-812e-d5b051e3438c,Small (<50),Tech,66,42,79200.67,1,2,39,14965.42,0
db00cdbf-8b26-4543-b7d2-80f099b89328,Medium (50-250),Retail,39,38,37838.85,19,2,42,15052.42,0
c8a15317-6af7-46b0-80ce-ff978f920152,Enterprise (>1000),Manufacturing,63,12,64508.84,3,1,17,18539.23,0
93a24918-65db-45e1-a8cc-1f3d5fe8fd99,Large (250+),Tech,65,3,35344.5,17,4,46,18854.57,0
94ab95af-04d5-49fa-be2e-f6770881b46d,Large (250+),Retail,47,16,5348.74,24,3,150,4204.03,0
70c82197-5d37-4596-be97-85c98d410152,Enterprise (>1000),Retail,59,11,30095.65,23,3,189,10726.86,0
25074db0-eaaa-4cf0-a99a-cc91c7f87c04,Small (<50),Retail,63,6,10450.79,12,2,69,10844.23,0
c5c697a2-d988-4a1d-8c93-867e8e7f9c86,Medium (50-250),Manufacturing,26,18,60812.62,6,2,341,17798.04,0
746dd0eb-bed8-40dc-9634-4487eef2f414,Enterprise (>1000),Manufacturing,37,40,6418.58,1,4,351,10458.03,1
0fb4f3f1-7bc0-4723-8bc7-be9389f5082c,Enterprise (>1000),Finance,40,45,42856.87,24,3,5,10034.72,0
03642f11-9218-44e4-adf7-73f3a5d0d920,Enterprise (>1000),Retail,19,23,77074.71,5,1,116,13711.02,0
5a058fb8-d2b0-453c-84bb-2533f7d4e432,Medium (50-250),Healthcare,15,8,77716.44,8,5,204,18433.07,0
1462c192-b7a7-4a55-bf1b-0f3afb3ade12,Medium (50-250),Tech,68,22,13716.73,11,2,356,18040.78,1
bb39592b-c81c-46ff-9a6a-825482eb662a,Small (<50),Manufacturing,25,44,11857.29,11,3,128,5652.26,0
fbd0a39f-15c7-48f1-aab9-b2db8dc5c9f3,Enterprise (>1000),Tech,38,15,33398.99,21,3,306,12835.42,1
76d3a2a0-aad1-4ebe-bcbe-384d8aae5556,Medium (50-250),Tech,14,12,20160.6,7,2,335,4296.13,1
2b7a3d65-b114-4779-86e5-254e15516630,Enterprise (>1000),Tech,26,46,51577.59,15,5,306,6055.78,0
ff6b0704-5f63-4c8a-8f87-e74780f117a8,Medium (50-250),Healthcare,68,22,52173.71,3,5,150,6088.15,0
6a4035e4-53b3-4ee4-acb0-e1bbffe0441a,Enterprise (>1000),Manufacturing,57,24,12207.25,10,4,267,16293.54,0
acbf80b9-9813-49ee-ba38-b69fdefe3d7b,Small (<50),Tech,7,36,7900.78,7,3,315,11395.35,1
7d644250-26bb-4883-b05c-7b859fd3068b,Small (<50),Finance,18,49,97357.8,21,4,204,9897.04,0
2fa12cc3-ebe9-4e15-b441-f27574426123,Small (<50),Finance,4,19,17657.84,21,5,161,18392.97,0
178a419e-b52a-4167-803b-2e2f243195d6,Medium (50-250),Manufacturing,61,19,34211.1,24,2,155,16214.44,0
a611df87-432b-4981-b1cb-674269b90530,Small (<50),Tech,5,11,97523.32,11,5,243,3199.92,0
db4491cf-52c9-48ed-94c9-f1a5a5b7f456,Large (250+),Healthcare,10,35,80812.86,4,5,138,11002.48,0
e0a284ce-971c-4ded-a3b4-f83f53d8fc50,Enterprise (>1000),Retail,6,12,78042.5,7,2,332,10583.46,0
769301e9-ea78-4044-8527-85713b68d875,Small (<50),Tech,29,13,65958.74,4,3,344,4811.86,0
bc74da7b-99be-4390-9401-df2ed4737930,Enterprise (>1000),Healthcare,19,9,62548.33,16,2,13,19601.38,0
fed476ec-d6ff-4e52-9b94-2ed8b00a9ee4,Enterprise (>1000),Tech,52,25,35714.13,6,4,75,1594.53,0
b9eaac75-fa4b-4825-827f-cc0e031495c4,Enterprise (>1000),Tech,23,43,96009.04,17,4,214,5201.28,0
692db01b-030a-4d8e-91e2-2c74450128de,Enterprise (>1000),Retail,44,43,90272.88,18,4,113,17186.6,0
badbcc21-de22-4f78-839c-5989d050bc54,Small (<50),Healthcare,60,31,10587.45,17,3,348,13894.34,0
d34f2b4b-dd94-40bb-a74c-1f8c24051e4d,Large (250+),Manufacturing,48,45,42794.53,1,3,40,17135.45,0
1e22682f-9675-4497-96f0-4a8b93f19fd5,Small (<50),Healthcare,7,21,78849.41,2,4,94,17164.49,0
cfba3ee9-df7a-46ba-8a77-ef236ad06788,Medium (50-250),Healthcare,15,33,75090.71,17,1,50,7946.42,0
52f86557-2079-4218-902d-fcb0bfd3d541,Small (<50),Tech,67,33,67637.02,10,4,329,5554.06,0
7271093d-18dc-4de7-94ed-d5e392a5739d,Small (<50),Manufacturing,70,39,44014.41,8,5,233,8083.41,0
58ba7bf6-9689-4775-a769-fd4c89747952,Large (250+),Manufacturing,53,27,8158.85,1,5,90,4230.33,0
dc251cf6-24f9-4019-9285-1eebef8fa4ad,Medium (50-250),Finance,4,4,24540.21,1,5,342,9517.05,1
5d00951a-32e6-41f1-8f4d-dbd862ffee22,Enterprise (>1000),Finance,35,41,38005.94,2,4,107,13335.85,0
30d7f808-022b-4d4a-bcf8-881c48f8d4a7,Large (250+),Manufacturing,19,35,56879.24,19,1,194,13008.18,0
8ebf90dd-50e7-49f2-840b-a553154a1ada,Small (<50),Tech,59,49,94180.44,17,5,153,15342.32,0
39c0a06b-7f9b-44e8-9129-c683d84d16b1,Large (250+),Retail,14,5,46497.54,4,5,70,7746.57,0
b8d29702-5786-4706-9240-b4fb3b9f28a7,Small (<50),Retail,18,34,35066.2,6,1,53,19471.83,0
8d3988d0-5959-4862-9c2e-b41a07ae7e4b,Enterprise (>1000),Retail,20,0,75291.99,7,5,110,5995.19,0
cb7d3c72-d9c5-40ce-92e9-252ab77ed80b,Enterprise (>1000),Retail,10,28,82510.86,8,2,227,5392.58,0
32e794c3-1f35-4913-8b68-938ff0a644bf,Small (<50),Retail,17,25,47411.23,13,5,251,14222.85,0
a3abc45e-3522-4b4f-a3f9-00dc9bdf5fad,Enterprise (>1000),Finance,4,42,31584.58,21,5,352,16050.72,0
28f8f931-616a-4853-a9ea-00685f3a7430,Enterprise (>1000),Finance,5,40,41168.86,14,5,28,19819.92,0
1f2baea7-e866-41a3-9264-6901bbb3cde0,Enterprise (>1000),Manufacturing,25,15,28668.59,24,4,229,2347.76,0
774c2527-320d-455d-b9a8-f5ad1216daa7,Enterprise (>1000),Retail,4,48,58260.96,1,2,252,6447.41,0
b12a3155-3be5-4148-8dae-53c2e01f0a55,Small (<50),Finance,46,45,20489.98,1,3,229,11622.95,0
ee0377ba-7bfe-4117-9173-dc07b18d9688,Small (<50),Tech,61,4,22678.55,8,5,244,1137.95,0
ec972340-22ec-4c89-a801-181ab3cf492b,Enterprise (>1000),Tech,67,38,67790.55,11,1,358,7789.46,0
404245aa-4881-421d-a9a8-ef4d631e818a,Large (250+),Manufacturing,42,37,84271.8,6,3,58,17893.25,0
c1e2c123-91cc-43ad-a979-c76e9ce8442b,Small (<50),Healthcare,42,6,15550.06,1,4,199,1559.02,1
c95e38bf-fe33-484d-ad9c-30a4800b174a,Medium (50-250),Retail,47,15,35808.13,7,2,133,19494.08,0
6f4adf49-916d-4ff9-bd32-96d69c53c1d5,Large (250+),Retail,48,17,99735.07,22,4,59,1216.06,0
e6b6e716-1448-4e5d-9d64-4d44b51652cd,Large (250+),Tech,18,47,73684.84,19,2,249,19819.59,1
e19e0ab8-7f89-445b-a52a-fa09012330aa,Enterprise (>1000),Manufacturing,42,12,28570.94,9,1,265,6477.9,0
a7e50687-bb91-4a32-a992-a6122e8c9a97,Small (<50),Tech,3,41,80074.26,0,1,320,2007.96,1
cab9fd06-4b3e-436f-bd41-4bff9573840e,Medium (50-250),Healthcare,63,48,13749.76,8,1,102,2575.54,0
03fa10c4-50f9-40fb-87c2-e3a4630e5c07,Medium (50-250),Finance,7,35,82996.73,22,5,317,16152.49,1
f57ba8bb-c582-4161-86a1-18f4892cf187,Medium (50-250),Manufacturing,32,40,18669.89,20,5,284,2256.15,1
78a23e14-6c66-42e1-b65c-4eb2fa21e2b2,Enterprise (>1000),Manufacturing,33,2,35592.39,14,4,305,15746.37,0
76e0515f-a85e-4c2d-8586-ffa8efc6689c,Enterprise (>1000),Tech,41,37,36037.32,8,1,290,13116.49,1
a74d08ac-1bb2-40ae-b6bf-c1bd98f0ec3f,Medium (50-250),Manufacturing,5,20,32089.61,14,1,92,17608.46,0
012d1238-720b-4495-b59e-9640e3418186,Large (250+),Finance,36,2,91274.44,19,5,84,13094.36,0
cee150be-4efb-42c6-9032-790730662618,Enterprise (>1000),Finance,3,23,6319.49,7,2,348,1827.51,1
24977758-90d9-4b01-9eaf-2bcb76aa2f57,Medium (50-250),Retail,16,11,85365.73,8,1,254,2417.04,0
1d10468e-838e-46c0-a112-4f8091031749,Large (250+),Retail,38,33,22700.56,16,1,359,17843.73,1
dca50100-bbba-4526-9cc4-a0f7d6a4cead,Large (250+),Manufacturing,60,14,78237.67,12,4,188,13535.38,0
70f361ea-bc5d-41e3-a679-9d260b45b2ad,Large (250+),Retail,11,42,14865.37,7,3,225,7836.67,0
db045058-3c5c-4c2d-9f1e-08b584b568de,Small (<50),Retail,25,31,96810.66,4,2,220,7088.41,0
30c85bc9-cbdf-41f4-99bb-ff85b6149afa,Enterprise (>1000),Tech,52,15,95099.89,12,2,204,7404.73,0
f26b0e69-c9fb-4cbf-b7c6-6e9b0608801a,Small (<50),Manufacturing,44,35,77204.35,12,4,111,8778.88,0
355ad098-3f8c-45fe-8d54-ce9c016c7818,Small (<50),Healthcare,42,6,27871.38,12,1,111,7774.57,0
24339fa8-7334-407d-a660-dad4ae49bd23,Large (250+),Healthcare,66,15,48100.38,22,1,339,6285.01,1
c08333c5-7442-43b3-b01f-21e82f1e317d,Enterprise (>1000),Finance,53,14,58849.29,1,1,184,13900.04,0
d3ccb509-702d-48fd-8b5c-bc7755208411,Enterprise (>1000),Tech,61,20,65148.9,0,3,239,8587.87,0
e74f36d9-cb4e-45cc-b0eb-5c9f5c599e95,Medium (50-250),Finance,6,9,45431.16,2,5,164,6340.64,0
82dfe28f-3db5-4d9e-a761-a38f90d2c56f,Medium (50-250),Healthcare,17,21,74619.38,3,2,50,15278.52,0
0ea1be92-569f-4e91-b24e-643c63ec0640,Large (250+),Retail,36,34,59904.57,11,2,66,15195.65,0
4fe2c3c6-5819-4269-8aa1-3085e90f808c,Small (<50),Retail,62,6,14414.93,1,4,174,6210.69,0
14f31553-a091-4bc6-8b81-0893e2a3446e,Small (<50),Finance,23,37,37881.15,13,1,116,19050.91,0
68b33eee-1012-4336-a075-e75ca3a1f00d,Medium (50-250),Manufacturing,62,0,72879.92,8,2,55,17984.97,0
d2233fae-2ce6-4196-a040-e034414b2a2b,Small (<50),Tech,5,23,83879.71,10,4,298,8723.73,0
dbd584de-2d8a-42ce-b17e-23b3070d50e7,Large (250+),Healthcare,15,11,29732.25,11,2,11,16301.03,0
11443f90-f085-4931-9b65-e4ab189ec7ec,Medium (50-250),Manufacturing,4,38,86751.32,20,5,344,14670.41,1
0cd03723-4339-4860-8737-583e36cac6a7,Medium (50-250),Retail,14,48,58666.9,2,2,155,2205.91,0
0305849f-81d9-40de-86d4-9a0a42b09cbc,Large (250+),Retail,24,10,51093.62,5,5,354,18024.68,0
bd7db91c-a08e-4f2d-9fee-72e3bbff1902,Medium (50-250),Manufacturing,40,49,26024.3,24,5,169,16728.47,0
254b7d03-b032-49ba-9efc-6f7a481799f0,Large (250+),Retail,22,36,22037.28,24,2,80,13058.16,0
c6d7cc9e-ec0c-4bb4-9dfe-7cf97eee36e4,Enterprise (>1000),Manufacturing,68,16,7964.44,10,5,240,17752.93,0
0fbc65a3-10f3-43b5-b894-4b83c88dae13,Medium (50-250),Manufacturing,29,4,79625.09,3,2,248,11804.85,0
3e2fef3f-55d6-4da6-94a0-367ece7a09be,Medium (50-250),Manufacturing,32,45,91745.72,2,3,246,6137.37,0
7229310c-08bc-4bb6-b074-4f3f9ddb625d,Large (250+),Tech,42,18,39848.45,15,5,17,8239.79,0
dc0e2524-f049-4c3b-a9b8-62e96d17caca,Small (<50),Tech,19,1,43048.65,3,4,78,12406.63,0
b135bdf9-f31e-42f0-b608-81b7541c37f4,Enterprise (>1000),Tech,55,12,52539.06,24,1,316,11015.08,1
a57b4be0-6208-4d31-ad75-27e6525b5d42,Enterprise (>1000),Manufacturing,25,35,65846.96,19,2,31,9136.99,0
2d9c091d-e5b0-4c34-ae20-db425647f16a,Small (<50),Finance,35,25,92131.3,11,4,285,6538.83,0
ad7edd88-aa63-4144-aa47-58d44436f5a9,Small (<50),Manufacturing,37,35,19165.42,18,5,225,5913.23,0
d71e172a-46d5-4464-8c0d-b3694983e190,Medium (50-250),Retail,44,22,26005.29,12,2,52,7252.36,0
78ea3357-a132-49f4-9ed1-30fb4f714ad0,Large (250+),Tech,12,17,76127.71,20,5,195,19585.69,0
84c70a47-b8e2-4c0c-9cf9-c389df0824c5,Small (<50),Healthcare,33,33,82805.88,3,1,42,3204.07,0
ddb3b37c-e8a3-4832-8159-5e852f730e2e,Large (250+),Healthcare,13,32,42856.28,2,5,101,10155.91,0
9705c6fa-3edb-49f6-ab3f-a8eb84e31765,Large (250+),Healthcare,22,48,12945.42,12,4,303,19342.6,0
cf32de4e-ffbd-441f-a44e-c053c1a55468,Small (<50),Finance,63,4,38410.43,20,2,363,2978.92,1
3ca2a56c-e6d6-422c-abcc-351fc960b663,Medium (50-250),Tech,27,8,68705.25,21,1,30,6616.89,0
48b34399-79cf-45b9-be0e-e4496c4723e5,Small (<50),Manufacturing,37,45,56451.15,1,2,31,6052.99,0
13c2b79d-70c3-463c-b93c-06ec37f57b85,Large (250+),Retail,8,27,59540.44,3,2,271,11362.13,1
ee0665eb-eb1e-42ae-bbf8-3a3afff383c9,Small (<50),Tech,6,24,66312.34,17,2,343,6005.98,1
601f6d93-eb6f-4d93-99d8-7e4ce86168ad,Medium (50-250),Tech,56,27,9714.23,5,2,211,18438.03,0
d199124e-6770-4c49-9f97-7bd195d9fd5d,Medium (50-250),Healthcare,44,16,31229.11,15,3,139,17864.01,0
b51f9b55-45db-4715-a126-b63cae6cbc7b,Small (<50),Finance,32,10,47736.47,4,3,339,13001.42,1
eec8f867-f0d4-419f-b642-eb9da3a1b11f,Medium (50-250),Retail,20,12,34025.14,2,5,83,19181.0,0
5f7ea070-d525-465b-8683-e588acf1216b,Small (<50),Retail,25,3,23838.72,23,5,81,14811.9,0
2ba2bf16-7690-4c45-af9c-867ff8373e01,Medium (50-250),Retail,41,8,76320.75,16,2,218,9031.01,1
5b043548-84d0-474e-b2af-45dae8fe505e,Small (<50),Healthcare,37,1,11798.54,7,4,80,19530.21,0
75272053-db06-4e3f-ad24-399a936e8079,Enterprise (>1000),Tech,21,34,79631.46,10,4,314,19875.03,0
464cd649-ed91-4a3f-b433-5c111b246459,Medium (50-250),Retail,9,10,68775.69,14,1,207,15690.92,0
d69c3a9a-b613-447d-b676-93a9e9e71b97,Medium (50-250),Finance,23,17,38272.78,6,1,132,8285.87,0
aad48c4c-c18b-4ef5-8227-333d5e5da2cb,Large (250+),Finance,32,37,19222.56,12,3,163,15902.18,0
6f094307-f2fa-4369-bb45-1bed133af5c8,Large (250+),Retail,42,37,16194.41,10,4,238,2627.19,0
a0fcd934-c13a-493c-b1a6-44c8b81de5d9,Medium (50-250),Manufacturing,7,29,25328.0,20,2,118,8237.33,0
458b2b39-a1fa-42d1-8731-7e5cced48be2,Small (<50),Tech,48,7,13134.66,11,1,255,7342.7,0
e2d6a892-4e47-4f02-8bd2-3ace0d37a210,Enterprise (>1000),Healthcare,59,32,77677.51,21,1,144,7559.42,0
981ea6a3-5046-4bb2-a63c-0ff1d39bca08,Enterprise (>1000),Finance,5,28,87972.97,19,2,343,8507.25,1
dd6b48e3-0a5a-4b56-8eda-f8407c8421ce,Large (250+),Finance,60,28,5709.49,23,1,334,9385.1,1
4ee62269-b4be-4749-8071-dd3feedc0bab,Medium (50-250),Tech,22,37,25865.42,11,4,7,3537.01,0
cd096cb0-9d78-4b18-8337-cc191ad7bae9,Small (<50),Healthcare,12,42,23996.66,13,5,353,16202.65,0
3b40f512-03e7-4df9-a5df-25309e32f9f8,Medium (50-250),Retail,1,39,13242.28,6,5,352,1922.23,0
3fb7346e-44f3-4a61-a91d-c8fc4a1ce8cc,Medium (50-250),Retail,68,43,67893.7,8,1,158,10538.87,0
395f4a42-6d2b-4e3c-937a-46a36ef30e6b,Enterprise (>1000),Manufacturing,30,42,9306.09,21,5,340,3002.67,0
b976d25d-d059-48c1-9ca9-c6667495f924,Large (250+),Manufacturing,19,34,88296.25,5,4,111,17285.13,0
c9985414-85ec-43fd-8d6f-f9ab8770014a,Small (<50),Healthcare,13,31,54017.03,22,1,83,16124.09,0
66f3665e-e273-452a-a5b2-5403c9c0f42e,Large (250+),Retail,16,48,13766.19,6,4,13,6861.63,0
901f4ba1-4caf-436d-8154-c7d17226edba,Medium (50-250),Healthcare,67,20,74904.43,2,5,329,12646.14,0
b2aa79c0-80eb-4bce-91cb-7ed14677ea7f,Large (250+),Tech,68,23,94136.71,7,4,304,5647.63,0
1cf3917c-6bcc-4dac-aec2-004cdc28af8a,Large (250+),Manufacturing,62,13,49342.6,1,2,83,11902.84,0
8f8a634f-566a-4cd8-9423-b0fedbeb3a4b,Small (<50),Finance,30,16,55249.98,1,3,106,10112.53,0
8155a69a-0c43-441b-96bc-1565884c1d56,Medium (50-250),Retail,27,11,98223.26,14,4,161,9055.88,0
996ba565-3523-468a-9d19-d1ead6b327ad,Medium (50-250),Manufacturing,47,47,69314.62,16,2,107,13146.91,0
fa65789c-1a5d-472a-8d1b-d7c5c62a0322,Enterprise (>1000),Retail,62,7,25520.37,8,3,25,12768.87,0
7f95762b-5185-4056-8bf2-581169144a1b,Enterprise (>1000),Tech,45,20,79153.37,18,4,247,19532.12,0
e25c964e-5a94-4ed8-b5d3-a211107dd324,Medium (50-250),Manufacturing,44,42,16745.18,14,3,200,7814.82,0
86da7dcb-3b09-4ffc-a597-94030ebfdc60,Enterprise (>1000),Healthcare,46,14,44145.75,1,3,228,15088.27,0
05fd6293-b0c7-4711-bd28-2a43a5402cf0,Large (250+),Tech,45,17,8789.43,8,3,328,16720.69,0
1e734811-8204-4b27-b27d-d74cfbef1e91,Large (250+),Finance,14,46,22078.34,20,5,103,2808.44,0
2826216a-3328-46eb-bc4e-320a162853f1,Enterprise (>1000),Finance,2,8,37942.69,0,1,49,8948.96,0
1baa3958-0abc-435b-b07c-adf1b750edd3,Large (250+),Manufacturing,65,23,45411.96,11,1,271,7021.5,1
448e7b65-652f-44d4-9afa-8da614eed4c3,Small (<50),Manufacturing,45,47,70711.6,1,5,59,16414.08,0
def9d196-2793-44dc-aa40-5e3f47cab5c7,Medium (50-250),Manufacturing,43,18,80087.9,21,2,77,3030.38,0
cc489381-24f3-4714-bcfd-47551de8b366,Small (<50),Finance,3,5,99668.36,23,1,193,3234.96,1
c26ef767-a9a4-4bb5-a75f-b6ce0ceb4e2e,Small (<50),Healthcare,9,25,6153.83,21,5,110,11193.21,0
c40fae2d-c242-429b-a6a8-a7af11f80b5c,Small (<50),Tech,17,37,60132.23,15,2,276,9508.27,0
7efaf066-e2aa-4fb9-95c4-2479093e18c9,Small (<50),Manufacturing,51,42,80383.69,5,1,360,7211.03,0
259d0451-3673-4f99-ae44-58c5086ad552,Enterprise (>1000),Tech,1,33,11960.96,0,3,285,9207.35,0
59827d28-caf4-4c7c-ac0c-32d0043c88d1,Small (<50),Finance,33,32,70660.46,3,2,273,5280.21,0
b69f4b84-7f69-47cf-b1f7-fa2712b51a89,Large (250+),Tech,54,45,70297.85,18,5,339,7489.05,0
7f774812-2a36-4ee2-ac33-87132c411da1,Medium (50-250),Healthcare,46,44,56221.24,5,2,273,4080.0,0
8876a8db-9780-4904-8ebd-2c36d086c1e9,Enterprise (>1000),Healthcare,44,8,50285.46,15,1,240,5178.68,1
c2fd6867-c284-4a89-8e2a-7e3d35411538,Enterprise (>1000),Tech,42,22,99805.41,10,5,299,13038.31,1
bac1902c-0cb5-42f6-9660-30278a9236ad,Enterprise (>1000),Finance,43,32,55919.79,4,5,131,8967.65,0
251bf95c-f19d-4e54-8083-64e5d70c8c86,Small (<50),Retail,36,31,57307.28,15,1,143,11394.46,0
040d8194-674d-4e99-ac40-00a090cdd56e,Small (<50),Finance,52,37,66897.87,5,3,104,16077.84,0
324447ca-d2a4-47b1-a2b3-43d749819124,Small (<50),Healthcare,30,49,45029.36,23,4,223,3035.1,0
f97c124d-99f6-45cc-8f20-c0456e6b793e,Small (<50),Finance,34,47,6512.06,5,4,55,9356.74,0
7db8ca93-f1ff-40d0-b8ef-65c5e7575d26,Enterprise (>1000),Tech,30,10,30969.28,24,5,40,19722.36,0
71eec4d8-dbba-41c8-a5ca-5d0f713c1f92,Large (250+),Tech,33,40,36798.65,6,3,273,16921.82,0
8f86d2bf-6a9c-4fb3-b396-daf961f49d33,Large (250+),Retail,71,40,62189.54,2,4,168,14341.66,0
b187886d-f7d9-416e-b96c-d7f414b1e868,Large (250+),Healthcare,23,20,13595.72,10,1,113,16987.66,0
80bcd4b2-ac06-4a80-a3fe-78822ccabfcd,Small (<50),Tech,18,42,32371.58,12,5,110,14340.67,0
cc3aa33a-58ab-4d23-9f62-0de35e1ed535,Small (<50),Finance,17,28,54999.27,5,2,50,16495.88,0
b3a5a7a3-ab8d-45a7-a17c-19f36a042adb,Large (250+),Healthcare,50,27,97943.64,23,4,76,2124.64,0
295a438b-318c-4fa1-a213-318be88d0b1a,Large (250+),Retail,19,10,64452.95,18,1,265,7716.28,1
905c8117-5600-4317-9955-9a344e665e03,Medium (50-250),Manufacturing,23,23,55587.47,23,3,116,3094.33,0
63a9c3e9-c45b-48d0-a3bb-874b39af2ccd,Small (<50),Retail,14,21,53928.01,2,5,71,16286.97,0
ba5994ac-c6c4-41b2-a835-5ca2d5f13c18,Medium (50-250),Manufacturing,61,6,50339.14,21,3,181,17381.38,0
320f7fd8-5d23-4f39-96dc-ff45575cf7fb,Enterprise (>1000),Finance,33,19,57110.65,0,1,148,4123.63,0
722d5fcf-0651-4a17-b556-a42455eb1a84,Large (250+),Finance,56,25,51295.54,12,2,149,5806.42,0
faa63120-017e-46a7-a579-89f0b9afc76a,Large (250+),Retail,33,10,82617.92,0,2,330,15974.3,0
a595272e-3059-492b-bc17-f90e6306b14d,Small (<50),Healthcare,59,47,61472.98,3,4,59,4525.76,0
23d043a0-2702-4f9d-ac4d-f8bf233e112b,Enterprise (>1000),Healthcare,48,47,77944.06,13,5,21,16133.6,0
e0a9f94c-b2e5-49b8-86aa-42bf88e9251a,Medium (50-250),Tech,29,40,78624.28,19,5,244,4278.88,0
7423d45b-926f-4be5-812d-fa59db7b3f20,Small (<50),Finance,5,14,32283.75,17,4,264,18283.62,1
6bddf28b-84c9-4483-a12f-20c2f20bdca7,Medium (50-250),Finance,38,5,29379.9,21,1,168,9466.33,0
a6312d5e-f226-42b9-addf-374947354d67,Small (<50),Manufacturing,14,41,66125.37,6,3,167,9201.7,0
05419b86-0bce-47b4-b5df-53518e2c2923,Large (250+),Manufacturing,58,16,7883.67,9,2,246,19063.62,0
b5844b28-e5c2-49a9-9b06-70d05bb54344,Medium (50-250),Manufacturing,30,40,70601.48,22,1,254,15954.36,0
b4e33923-3d51-4c02-80a0-59a57b192aad,Large (250+),Manufacturing,47,1,32111.45,12,4,3,10447.88,0
7937d841-9dad-4e96-8f16-0b914d7edfc7,Medium (50-250),Tech,12,44,59212.13,4,4,288,9043.85,0
d4a66a79-2a17-4b2e-8313-76e3151523d9,Enterprise (>1000),Finance,14,18,31914.24,16,3,244,2639.35,1
969d9ffa-6e08-468c-a162-4145c643ab34,Medium (50-250),Healthcare,31,32,42119.19,5,1,156,1109.13,0
d302e465-b5f5-4fad-9737-c591bdc38018,Medium (50-250),Healthcare,23,30,43158.57,20,2,236,4715.86,0
93df0e32-d346-4416-b602-d8d029986949,Small (<50),Manufacturing,16,20,95562.61,19,5,262,18009.66,0
4f6ba5e6-ce3d-4291-8f5b-3a69d849dbb6,Medium (50-250),Retail,20,13,58440.62,4,3,69,19938.03,0
e912bdd0-ed39-4eda-97fb-2a992c05bdd6,Enterprise (>1000),Retail,3,27,82959.91,20,3,338,10772.4,1
08f4931c-bd54-4f1e-bfca-f9b7b330f522,Enterprise (>1000),Retail,6,11,53005.46,7,1,11,19093.23,0
2b576fad-bee5-4d9d-9331-6fbdc1419609,Large (250+),Healthcare,18,27,96911.44,12,1,139,6095.85,0
052e5eff-00ae-4661-b1c6-17d6302f3809,Large (250+),Manufacturing,4,15,70167.42,24,2,95,16522.69,0
60c1d6c0-df08-401a-91ad-638a22b28689,Enterprise (>1000),Tech,27,33,5677.06,13,5,331,10794.91,0
608e2fc1-a4c9-4756-8851-a086a05a9299,Small (<50),Healthcare,34,46,44652.01,6,5,115,16544.98,0
97afb97d-dc88-4005-97f6-83490329293d,Small (<50),Finance,55,47,68033.15,2,1,199,13090.37,0
1f8f970f-b8e8-4591-97ea-9e9efc130b84,Medium (50-250),Retail,31,34,9416.87,13,5,139,8128.55,0
7546f9f2-b155-4e2e-ab5e-35651cf6636b,Large (250+),Manufacturing,5,27,22448.59,23,2,164,16158.73,1
44935c8a-e928-451a-9d79-f410595eda24,Enterprise (>1000),Finance,69,38,84227.25,2,5,200,5932.63,0
a5f5e879-e5e0-4d85-ad78-5932301badfc,Enterprise (>1000),Finance,6,14,26852.3,8,4,364,3541.85,1
ea89587b-19ce-43e1-81dd-3f55a03a8eb2,Large (250+),Retail,3,5,60217.14,1,5,71,19364.23,0
81dca98d-a421-4a52-8326-56215104d563,Small (<50),Finance,66,8,13631.62,1,1,229,19187.88,0
6e9b037a-df85-412f-bd19-917922dfbec7,Small (<50),Tech,16,3,70992.09,17,4,73,10545.51,0
347dc999-477b-4a4f-8d3f-24fc3ad53334,Medium (50-250),Retail,18,46,51509.34,10,5,226,17436.2,0
a91806a9-9385-43f2-81f3-91d7509b1a4b,Small (<50),Retail,7,19,69126.22,7,5,9,18614.01,0
394b86de-261c-459b-a4c1-b63b558b3427,Enterprise (>1000),Retail,55,18,55264.85,7,2,115,15308.74,0
6ec2e7d6-6b8f-4101-b6b3-f687fb6e9088,Medium (50-250),Finance,50,2,27987.61,1,2,105,4395.73,0
60d6038b-3ba0-490f-a999-f8721ee6fa42,Small (<50),Tech,16,18,61712.2,4,4,3,5262.52,0
6e8b5c73-542a-4916-8643-1b27d2467c39,Medium (50-250),Tech,13,9,72936.54,9,2,231,9559.21,0
543726ee-3a21-4693-9eb6-065b937dc61e,Medium (50-250),Manufacturing,43,47,78355.34,13,2,285,10513.09,1
6741cc17-62d8-43a4-9d72-45d3797e80a5,Enterprise (>1000),Manufacturing,28,20,29151.15,19,1,252,14764.25,1
5b6b3507-a856-4436-8052-d735b9ea572a,Large (250+),Retail,51,49,76017.55,22,5,66,17586.82,0
4866fbaa-cf15-4047-b5b7-f103684f777e,Medium (50-250),Manufacturing,54,48,48019.81,24,5,340,16908.84,0
27486807-c118-4fef-9fd1-07133f4df17b,Small (<50),Healthcare,6,39,62304.68,12,4,50,9607.49,0
094e083c-25fe-4497-b064-80f2777e29af,Enterprise (>1000),Healthcare,58,16,21468.76,23,2,75,12605.22,0
545d97ba-c111-4baf-be4e-2d40de8f688b,Small (<50),Manufacturing,55,42,32288.85,16,5,293,18156.84,0
4da773a4-48c2-4b68-b5b0-4f2857fb8036,Small (<50),Retail,50,0,28740.22,21,2,276,7643.15,1
68ba357e-b87c-499c-be73-742105ad31ec,Large (250+),Finance,38,25,28215.76,11,2,206,3812.69,0
ce0a5f07-ac99-46a9-a512-10fac97dc989,Large (250+),Healthcare,69,22,25378.55,0,1,308,10337.73,0
f9a9c359-9753-4297-97cb-dd02d8a5e256,Medium (50-250),Healthcare,21,36,83985.54,15,2,30,2425.99,0
f879a791-828e-4a8d-937f-0f74a3442722,Medium (50-250),Retail,41,26,84239.97,7,4,333,13477.26,0
5dfe26fb-e702-4a51-acc3-aae5d628f387,Medium (50-250),Finance,69,42,14544.54,0,2,109,4798.21,0
628bd97d-d7bd-47af-849c-236fa9f2693b,Medium (50-250),Retail,27,30,39039.97,11,4,259,1629.94,0
12eeec2a-74e3-4682-8af2-02d808d887e6,Small (<50),Retail,41,18,86831.52,5,3,9,15032.39,0
a3d1773f-35a3-4e9b-a755-ba597fab3841,Small (<50),Tech,70,16,74383.51,13,3,92,14808.51,0
37d61e8e-ec4b-4909-b9ac-8aa417cb447c,Enterprise (>1000),Finance,62,7,37781.93,3,1,157,10172.9,0
68c2faf1-3941-4de1-af80-e5b7b0c889e9,Medium (50-250),Tech,14,45,10572.34,2,1,312,19659.99,0
1e3a61a3-3deb-493d-8d20-61f9bb1ed271,Large (250+),Finance,43,35,93844.87,21,1,306,16854.58,0
ba66250a-b26a-48c4-8851-cc2a448fb78a,Enterprise (>1000),Tech,70,20,88701.16,17,3,117,17621.81,0
8d3fc9d3-8f69-48cb-99df-604d4b0ebe10,Enterprise (>1000),Retail,48,11,89501.41,5,1,356,6213.21,0
bcd59f57-6907-429c-a679-b2346da58650,Large (250+),Retail,70,26,23515.23,16,4,86,6261.04,0
158c9364-ff0e-415e-a393-c3670ec1b0a4,Enterprise (>1000),Tech,42,12,52941.33,10,4,325,11995.96,0
6eb53cf6-3478-47bd-afb5-418820d37261,Small (<50),Healthcare,16,42,84861.98,22,2,64,18053.72,0
d1d749be-7a9f-4869-9e08-2d9aea2d1337,Medium (50-250),Tech,44,8,18596.5,15,4,255,2001.51,0
c69c3010-0466-4110-93ef-0712383ea10f,Medium (50-250),Retail,63,3,99380.7,16,5,135,9638.07,0
e5a255e7-de47-4e38-b8af-5e4c04b49a1b,Large (250+),Finance,67,18,25960.07,11,1,327,2099.45,1
ce71ecb7-8cb9-4a5c-b178-84e6d786012f,Large (250+),Finance,14,33,7414.87,10,4,281,10898.94,0
c354f23d-5b74-43c0-b221-64184825515f,Small (<50),Retail,36,45,26331.46,19,4,79,13040.04,0
b8d409a9-3e63-4e7e-a01e-008a732b6ac4,Medium (50-250),Retail,28,2,70993.13,4,2,58,12491.74,0
eb65bbb2-732d-4331-91c7-6d20755cf71f,Medium (50-250),Retail,31,33,23631.69,0,2,72,4020.35,0
21229af2-691e-4223-95ee-ae94345b2860,Large (250+),Finance,69,45,10247.3,1,1,149,12944.07,0
9cbcaada-e0b8-4462-936c-68eba990cd49,Enterprise (>1000),Healthcare,64,15,55829.28,8,3,149,18471.92,0
c5748b25-435a-48ad-b546-06926cd6fc32,Enterprise (>1000),Finance,14,2,56023.42,13,5,227,9995.93,0
06bda8d5-f907-46f7-81e0-5201b522a13f,Small (<50),Tech,34,47,32189.75,16,1,180,1482.22,0
8c1367a7-51b0-49ea-84b9-b42cd1f75575,Large (250+),Tech,26,17,90189.51,2,1,2,3402.36,0
156fbe35-982a-45ac-a501-d80aa26bd1ef,Medium (50-250),Manufacturing,16,46,34434.25,7,4,10,4440.21,0
9925fb04-bc02-4807-9649-9addc7c865cf,Large (250+),Finance,32,12,14977.79,22,4,206,12062.65,0
c029ada7-45a4-4c97-b814-0857c216445d,Medium (50-250),Tech,58,1,25700.93,6,2,335,13641.14,1
632aa2d3-33dd-4432-b709-a94ad3f6fa20,Medium (50-250),Tech,49,45,85439.78,0,3,340,16337.1,0
5a60c80c-3edb-4be0-9faf-ec06af64b81c,Small (<50),Retail,4,38,45878.75,18,1,231,8716.28,0
a5f17e75-9fe7-413f-add9-ff4fbbcba1a6,Large (250+),Retail,42,25,14116.27,22,5,118,11506.92,0
f26ba867-52ff-49e2-b97b-f1af5a60766d,Medium (50-250),Retail,6,19,89473.78,21,4,73,13067.62,0
475edb2e-e50b-4def-b6db-33c2df4883b4,Enterprise (>1000),Finance,20,36,26211.45,3,5,156,6540.33,0
cb12f8fc-73f2-4a18-9d6d-c17dc03010c1,Small (<50),Tech,58,16,21752.07,18,3,294,10555.05,1
5a1b9dfc-3837-42ba-9e37-a39f5d68d8fa,Medium (50-250),Finance,38,23,96659.33,7,4,245,3341.92,0
c5d7fe52-cec8-485d-a4c0-2f98e5ecfe95,Enterprise (>1000),Healthcare,54,36,26808.89,1,3,39,17805.0,0
6e31c903-0498-4149-af35-06bc073af81d,Enterprise (>1000),Retail,53,12,29032.24,8,5,205,8690.16,0
b2759fca-ac6d-4c58-b644-202f35183701,Medium (50-250),Tech,13,44,19915.85,20,4,170,17951.93,0
b806be62-3d84-466d-9adb-d9ea354da263,Large (250+),Tech,61,11,65963.0,19,2,4,12888.79,0
624f5441-7add-4497-b788-d7588ad49fe8,Enterprise (>1000),Tech,49,32,30756.72,15,3,315,18072.06,0
a2823751-5148-4a57-b4fb-8842eb8515cf,Small (<50),Retail,34,46,85544.77,8,4,22,16399.45,0
6dad09de-4cdc-44cc-bcaf-9afbaa38cd76,Large (250+),Manufacturing,55,6,56625.71,4,4,76,6379.13,0
2f66e1f8-6c20-4c0d-9009-a3efb2edf1ca,Medium (50-250),Finance,47,8,63064.04,9,2,184,7590.78,0
6956820c-df24-4a4c-8228-40742033a161,Medium (50-250),Healthcare,23,39,74919.52,0,1,277,1653.04,0
aedce219-9f37-4b2d-b45e-e7f91b6026d8,Small (<50),Healthcare,50,9,33321.78,13,1,339,4634.63,1
9d1f1dbf-b618-4861-9f42-cb7c469331df,Small (<50),Manufacturing,29,43,88646.14,14,1,142,12510.61,0
f919da6d-c19d-4200-9bba-4401df6fd6d5,Enterprise (>1000),Healthcare,25,45,96327.49,0,3,33,3240.0,0
85cb9823-ce83-4923-9484-0fcc12844b87,Large (250+),Healthcare,21,9,7863.17,24,1,241,8509.62,1
7a459a8b-0009-44b2-877d-6ed83f51f872,Small (<50),Healthcare,16,16,79229.49,14,4,138,10780.85,0
58d1b27b-843f-4262-982d-a07c162bb3fe,Small (<50),Finance,66,37,18768.08,20,1,235,4046.94,0
c2123df7-c8b9-498e-88a5-b24253e8358e,Medium (50-250),Healthcare,4,29,22148.84,14,1,7,2613.72,0
6fced4b4-8d66-415d-ad5c-4494cb5494e9,Small (<50),Healthcare,20,47,75148.45,4,3,174,9268.59,0
da711ff6-2c4b-41fa-a0cd-bea870b8dfa4,Small (<50),Healthcare,65,47,93204.9,9,2,301,4908.35,0
9f1c67e7-e9b4-434d-8ccc-26fc790e8fcf,Medium (50-250),Manufacturing,37,25,59213.81,1,2,130,2765.41,0
e27305bd-c828-4c89-8781-bcea25546275,Medium (50-250),Healthcare,10,49,24842.11,0,4,183,8515.9,0
491315c5-2d0b-4bdc-b660-4f0674493a13,Enterprise (>1000),Healthcare,64,15,50051.16,11,4,256,14899.73,0
34b8ca9a-eba2-4447-956b-5bb03df61abf,Medium (50-250),Tech,31,22,35376.91,9,2,34,3080.47,0
caec3f98-fabe-4bc8-a2ad-3b7f40ba489d,Large (250+),Manufacturing,29,44,67052.88,13,4,350,8267.63,0
47cbf5c6-d214-4678-baf5-ea8f4dd769ca,Enterprise (>1000),Healthcare,12,45,67835.2,2,2,146,15042.57,0
b8b4e618-76fe-4448-bafc-8a7f583f5eed,Enterprise (>1000),Healthcare,71,0,48788.96,11,3,363,6630.54,0
daa81b63-8948-428b-8682-ffbdd828ebf3,Enterprise (>1000),Healthcare,64,36,25553.82,13,1,77,4768.75,0
0e36450a-7efb-473f-abdb-3e3ea96585ab,Enterprise (>1000),Manufacturing,36,34,6175.91,9,3,115,10902.99,0
f90dae53-61d7-450e-9738-4c7ea6c104d9,Medium (50-250),Retail,71,23,22296.91,16,3,191,1850.78,0
2e1454d5-de5a-48ee-b2ee-57c9e526eb2f,Medium (50-250),Manufacturing,5,23,52076.35,19,2,319,16172.14,1
fce75880-2236-4c98-919a-c433e7321c0a,Small (<50),Tech,59,27,68888.19,5,4,70,2355.5,0
a268d471-1e82-4260-93dc-410a75fac182,Enterprise (>1000),Finance,70,19,12003.44,21,5,5,3125.02,0
56abe4d3-6fb2-4345-921c-0225cac8f119,Small (<50),Tech,48,23,62025.39,11,1,129,5640.91,0
a09a112a-569b-4bad-a09c-46954d380d53,Enterprise (>1000),Manufacturing,1,12,99465.59,13,5,348,1363.46,0
ee71fa62-d3f0-4bed-b1c9-aececbc0a341,Large (250+),Retail,18,20,31968.22,7,5,18,15570.65,0
397b5beb-98c9-4687-91b9-7588e804b5c8,Medium (50-250),Tech,20,21,76841.79,6,4,147,4360.7,0
fe0c749e-aa97-4b31-93f4-7f520b1217c3,Small (<50),Finance,39,14,49547.52,11,4,181,15483.38,0
a86b8c83-3aaf-4d5e-8dca-8bacd5b2ec04,Enterprise (>1000),Healthcare,70,25,91467.18,18,3,260,19876.57,0
7fd4ac66-fb03-4728-955f-566c0fe55fa8,Medium (50-250),Manufacturing,33,45,97511.59,23,1,98,13339.47,0
d83e1e37-ba59-4291-b0f4-6c3108b5e92e,Medium (50-250),Retail,8,32,33842.17,5,4,363,2188.69,0
83b33c32-7229-4855-abbd-6aed5c9e35cd,Enterprise (>1000),Retail,42,27,76596.74,14,5,277,9537.83,0
e2f48f09-4e03-4cea-9ca2-0b5e8d0db443,Small (<50),Finance,54,31,24268.32,6,5,165,11984.84,0
d894d1e7-d0e7-43d4-8e74-d8341cafff53,Large (250+),Tech,15,21,12293.46,2,2,303,2144.46,0
b6518b7a-93eb-4b31-a380-65d40ec027da,Large (250+),Tech,49,28,30180.65,4,2,148,10111.55,0
9a25d572-6c97-4589-aa64-e666630b6d85,Small (<50),Finance,49,1,31176.73,11,5,18,10399.97,0
c87ac133-0f77-484f-a885-ec1c80950a6a,Medium (50-250),Finance,24,29,93531.79,2,5,44,11938.38,0
7eb1f4e3-da6e-41bc-b2ff-a3dc7f26ab6e,Enterprise (>1000),Retail,47,0,91458.02,24,1,330,13415.95,1
05891b9d-1cec-4258-9b6b-0c481f9d0e50,Small (<50),Tech,40,40,39879.6,8,1,54,6303.49,0
7a7605b1-4ed5-4625-9042-f711998fb1ac,Medium (50-250),Retail,42,1,76096.53,15,5,248,18630.25,1
92727c87-e256-4686-9ee3-c97a4226d984,Large (250+),Healthcare,7,26,15655.58,13,4,319,16641.04,0
00e42009-f545-4659-b682-c25e5e61ac07,Large (250+),Finance,25,33,19658.25,24,2,42,7103.32,0
542db7a1-ed3c-4f04-bc7d-f798fba92381,Medium (50-250),Manufacturing,32,31,48970.12,10,5,79,16205.6,0
c805ee0e-3ca4-4150-89bb-8918815856db,Large (250+),Retail,59,11,35188.11,5,5,35,12428.5,0
74f32f98-d9e9-4feb-97cb-9737a141ee8d,Enterprise (>1000),Manufacturing,56,22,33976.05,15,1,242,10743.99,1
6f1c700c-4dbe-48fc-a992-2187299d2659,Medium (50-250),Tech,66,18,49575.9,5,3,296,6303.69,0
8692955d-f129-4719-afe8-4825d43c15be,Medium (50-250),Finance,23,13,33874.59,1,3,241,6874.95,0
252639e4-cfdd-44ea-a12d-9ef289105230,Enterprise (>1000),Tech,28,31,37826.92,19,3,241,18456.32,0
ea59d09a-35fb-4903-9e11-471ee2f536f9,Enterprise (>1000),Tech,7,18,12141.75,16,1,45,14851.22,0
ad715f61-08ae-4181-87ed-6284e838bf84,Enterprise (>1000),Healthcare,65,28,70392.82,1,2,323,14688.64,0
f9f9949b-f97a-495a-a1d9-067500b499cd,Small (<50),Retail,21,21,45040.9,21,4,113,8764.03,0
9ad911d4-fa8e-49d0-bf03-bd0f31d3f0b7,Medium (50-250),Tech,50,2,34237.52,10,1,339,14355.7,1
9214e228-1cf6-45d7-ac44-32cc9a52f14e,Enterprise (>1000),Manufacturing,46,34,75216.2,6,2,116,11897.14,0
6f36604d-358e-460f-81c9-5dc50087efad,Enterprise (>1000),Finance,46,26,80871.8,17,5,245,17698.63,0
5c34369b-48af-494b-9e7c-db89c59bbb64,Medium (50-250),Finance,51,11,87903.12,14,3,59,8708.0,0
3719a25c-9e9b-483c-88a7-b258f9d1e5aa,Large (250+),Manufacturing,63,40,91994.02,24,1,149,8882.91,0
090439da-bf0c-46e4-a165-1859f7ecbf01,Enterprise (>1000),Retail,39,3,71377.49,22,1,223,5224.06,1
cd3c8bdf-6315-4f92-a897-6720df527254,Large (250+),Finance,36,6,62813.45,22,2,3,2654.61,0
b7d50123-cc64-4fad-85c8-4856fba63093,Small (<50),Manufacturing,59,20,54491.52,22,1,355,14832.37,1
79a2def3-d730-4f58-ad72-f55007cd9489,Medium (50-250),Healthcare,69,24,95527.35,2,5,198,17012.98,0
38c6d613-d10b-41c7-9e9c-89e8a86095b0,Medium (50-250),Healthcare,28,17,16113.54,11,1,350,11158.3,1
c0e8aa06-cc52-4d8c-bbc6-82f9f2832574,Medium (50-250),Finance,16,26,24326.85,20,3,362,16757.12,1
87d84a30-befb-46e5-af78-4f44f3b41031,Large (250+),Tech,32,31,17497.67,20,3,30,6797.12,0
cae8be91-d993-43b6-bc05-a4ad0c4e17f3,Medium (50-250),Retail,66,17,91283.67,1,1,163,12845.16,0
b1c1a57a-174e-4084-a79e-1a3fa5123d9f,Enterprise (>1000),Healthcare,31,43,35793.53,13,5,292,15968.7,0
d2cd63f9-29c1-4595-a904-e54417d6af87,Large (250+),Tech,12,44,23392.92,3,4,89,9612.46,0
b116880f-e817-41a2-a468-e48e1d287006,Medium (50-250),Retail,46,25,68129.93,20,1,19,7941.15,0
8e703d4e-4484-46e4-86ad-4755fab805ed,Medium (50-250),Tech,30,31,92278.61,10,2,19,11015.54,0
3aaa3772-dc84-4aaa-b6b3-9008c1ae15b7,Enterprise (>1000),Healthcare,30,15,71631.88,5,3,285,3884.74,0
402b29fe-813e-4efd-8569-2304d527ce54,Medium (50-250),Healthcare,12,27,87412.25,6,4,255,7986.56,0
5b814248-b147-4b8c-9b5a-fa46fd145d6f,Small (<50),Manufacturing,66,13,85621.5,20,5,173,16640.74,0
6f27e7a3-bc35-4b10-ac69-d5ac530f765a,Medium (50-250),Retail,56,20,28228.46,7,1,27,16634.14,0
ca1b5730-b438-4a9a-8b0e-366f7dd558d8,Medium (50-250),Healthcare,21,12,12544.99,22,2,12,19300.32,0
91c21b1d-c9dc-47e0-9cf0-1da8eec809e1,Small (<50),Finance,8,19,22950.61,16,4,141,4395.19,0
692ec205-eef5-4059-8cba-4a92ca122e98,Large (250+),Retail,2,42,8808.6,21,2,224,7674.2,0
2b67b0b5-419b-482c-a881-c3c3f32790ce,Large (250+),Finance,35,40,71684.07,9,5,116,14470.57,0
0f0eb2a2-112f-465d-baa9-4f26a0ab95f9,Large (250+),Healthcare,48,44,66299.23,8,3,34,11857.9,0
bf173b18-c64e-4022-a3a1-078537313924,Large (250+),Manufacturing,56,39,51021.67,13,2,232,2257.6,0
19b95526-f09e-43f0-87e6-efa2513b609c,Enterprise (>1000),Manufacturing,71,38,62392.83,5,2,108,8857.0,0
99d268c1-0f78-4e27-9554-4dfd64fa91ed,Medium (50-250),Retail,54,3,94052.26,16,1,8,18086.9,0
e6886d24-9def-4220-b56f-4118f1a90460,Enterprise (>1000),Tech,23,47,74147.46,4,5,287,4796.93,0
cc8f6c39-6415-435e-81d0-4b7061d6afd8,Small (<50),Finance,2,33,40935.29,2,5,334,15818.21,0
9ddfbdc9-92f2-46c1-bff6-e26f3178a5d8,Small (<50),Finance,27,48,12363.99,23,2,242,6181.78,0
f88ecc48-0831-4769-963b-25de68fd29bb,Small (<50),Manufacturing,25,7,43169.16,5,1,112,16511.72,0
c06573f0-f5a4-4d81-9e53-c35b676a9b8d,Large (250+),Tech,43,41,16501.51,4,3,191,5557.69,0
1d073542-0e5b-47d5-aa00-e2d0d3cac03f,Enterprise (>1000),Retail,24,12,96856.3,17,3,153,11547.86,0
1053b390-282d-47a9-8f14-788896b18527,Enterprise (>1000),Tech,13,9,24039.7,2,4,149,4247.29,0
d0fa0aa6-2116-4645-ab2e-10fed08099e5,Small (<50),Finance,15,32,32802.82,16,1,156,3406.57,0
572bedc3-9ab3-41b9-8283-db6503db16ae,Large (250+),Retail,11,45,68622.35,22,4,341,12223.83,0
6f9e117d-cd35-40c6-ac0d-817c4efc237b,Small (<50),Manufacturing,53,29,32833.73,5,5,247,8238.37,0
d21e9f5d-0378-48c4-8c21-891863ba7d57,Medium (50-250),Tech,6,26,78381.55,0,2,102,17379.74,0
364501e2-32fb-4507-a6d6-289fb2d21cee,Small (<50),Retail,45,44,12093.32,23,4,210,10936.5,0
f182bd38-d371-43ec-bfc5-232a6b561b55,Enterprise (>1000),Tech,51,7,50448.43,0,4,163,10654.8,0
20d49483-380a-4803-a46c-3cc0f0290526,Medium (50-250),Retail,9,40,57032.51,6,3,227,3442.16,0
21c113b6-eb96-4c9e-b522-57428d5b7a08,Small (<50),Healthcare,64,41,42903.68,1,1,145,13388.08,0
aecf62fc-a873-498d-89f8-d0b32798e9ab,Large (250+),Manufacturing,48,28,38816.46,20,2,268,9601.19,1
a6f85ec5-3309-442d-98f6-1225833934d6,Small (<50),Retail,48,11,74601.98,1,4,191,12128.7,0
aca2a41c-680a-48e7-a847-8e02e3459b4f,Medium (50-250),Finance,22,38,64231.32,11,2,176,8658.6,0
a87781d6-e44d-492c-8fc3-96bf200fadf1,Medium (50-250),Manufacturing,39,30,33097.05,8,2,66,8259.72,0
3dfd5bcf-66b7-4cb4-aa29-3bb0dfc67a23,Large (250+),Retail,47,24,89871.53,21,4,46,1388.63,0
255f1697-610e-415a-870d-3589ad42442c,Small (<50),Healthcare,68,47,88152.46,10,5,186,6277.82,0
49a40a3e-af0a-4ece-85c4-bea7b10d261d,Medium (50-250),Retail,8,20,31186.87,11,4,214,3520.51,0
5bc290f5-f0ef-46c1-80c8-436c8bab893b,Large (250+),Manufacturing,1,44,88904.36,8,1,155,19488.84,0
767b0542-f1f4-46ee-a71b-1b9ce83f941e,Small (<50),Retail,50,15,77108.3,7,1,46,4463.48,0
8dce3788-57a9-44a0-b1b3-69e94dac9602,Enterprise (>1000),Retail,10,15,35544.79,17,4,283,5333.91,1
16038217-76bc-4fba-95be-c51a49ae680f,Medium (50-250),Retail,48,2,25550.7,0,1,148,10320.13,0
50105e95-3477-49c3-b2a7-c5de9af31139,Large (250+),Manufacturing,10,0,11181.13,5,2,7,14043.89,0
1791cbfa-1e1a-44dd-a4b0-95957aa96e1c,Small (<50),Manufacturing,11,38,67010.48,24,3,176,19685.69,0
183f6b31-8e69-49a7-92fb-3bb1df5f55f8,Medium (50-250),Healthcare,26,34,88678.88,19,5,258,2033.45,0
df3041c3-b076-4b96-8211-e2c2ee8d325c,Medium (50-250),Healthcare,42,1,72562.56,22,4,148,11403.9,0
e9f5ed5d-8472-4c7d-a657-dcb124478438,Enterprise (>1000),Retail,31,31,26154.64,24,2,203,9009.6,0
3571d434-ce1d-405a-840f-702d1402b049,Medium (50-250),Healthcare,16,2,33571.57,23,4,329,4371.84,1
8a28fb49-b6a3-406b-afc2-8f0b42538dd4,Small (<50),Tech,57,32,63851.12,9,4,120,15098.38,0
d9f0e4f3-d173-42c0-8f37-8b34ab30dfd9,Enterprise (>1000),Retail,49,49,39248.68,15,2,343,11956.09,0
879e7ffe-ce72-42ce-b608-cf5d80ec05dd,Large (250+),Healthcare,13,29,72802.84,16,4,312,17089.86,1
efbd987d-6b4d-432a-a2ba-1d3a278e59e3,Small (<50),Tech,64,19,97878.09,22,5,51,3007.99,0
2e556f28-284b-4a81-a510-07c4a61d33f0,Enterprise (>1000),Healthcare,36,34,69204.81,6,1,284,15923.66,0
0a87da32-535c-43d0-b71e-057b452f2fc2,Enterprise (>1000),Healthcare,7,45,79218.96,23,1,109,18083.08,0
f40bc2ba-e1df-4736-a983-99353d51d0fb,Medium (50-250),Manufacturing,3,28,24352.51,21,1,330,5298.93,1
5906517a-9db6-49c2-bce0-1eb267d72f84,Enterprise (>1000),Finance,27,13,55778.32,7,5,181,2865.27,0
9bdde938-66eb-4a8e-999f-815654a99b9e,Large (250+),Finance,47,30,25195.2,1,5,299,11315.76,0
18003b92-ce14-4b86-a301-a77127c1f0b7,Small (<50),Healthcare,45,25,69300.85,21,3,143,19316.81,0
cccce6a3-9ddd-4073-bbec-3d9fb7a0a039,Large (250+),Healthcare,69,45,71557.72,6,3,200,5824.15,0
7f6a6d5a-0483-4092-a9b4-c5ad059984ee,Small (<50),Healthcare,66,20,77075.03,20,2,153,19040.36,0
2ad7724a-3b50-4f8c-9e1b-4f046229163c,Large (250+),Tech,61,13,85956.52,16,1,318,18443.22,1
9b062402-d533-4eb0-99e2-1e62516a0d8c,Large (250+),Retail,63,3,79514.61,19,2,289,10245.55,1
3536adae-1b3a-411f-923f-859370f4fa26,Enterprise (>1000),Tech,44,7,84262.31,5,3,220,2574.04,0
09a5b5a2-0ba2-4b5b-b1d4-03ec2e9ac3cb,Medium (50-250),Retail,19,40,32499.28,5,2,251,5816.07,0
ba78979d-6f92-4540-b2bc-1c261960ac54,Enterprise (>1000),Healthcare,39,12,30268.29,4,1,288,12288.84,1
718fda1b-73de-4b5d-b7ad-b70f2f3bb277,Large (250+),Finance,21,30,83695.69,24,5,185,19600.77,0
ea5e9c0c-2a60-4c81-9a53-d4cdeccea9ef,Enterprise (>1000),Retail,7,48,90575.6,4,3,350,8711.92,0
8ebbea8d-1f79-495e-951d-4fd01b89a711,Medium (50-250),Tech,9,14,27296.42,1,4,72,14423.16,0
f2dc9b16-a0a5-4a30-9b4b-65e51673c1de,Small (<50),Finance,46,32,23780.97,13,4,43,12046.71,0
a64fd2e4-36dc-4c42-87a4-bb845d9d4adc,Medium (50-250),Finance,10,30,10481.51,23,2,246,9066.88,1
cab1543d-71d9-4658-8086-3bffec012e75,Medium (50-250),Manufacturing,30,29,21508.94,11,2,17,6530.77,0
b794decd-2825-487d-b352-26b79ba79593,Small (<50),Manufacturing,2,9,85331.77,0,5,349,3250.22,1
8b553f12-c375-431c-b134-406f78a05bfc,Enterprise (>1000),Tech,30,39,90150.33,0,1,79,12643.63,0
2fd3e8ea-a279-4689-927c-4e87b953e016,Large (250+),Healthcare,14,31,7247.89,20,2,187,12025.69,0
d7999b3e-b5db-465b-b67e-9ade0620faa9,Small (<50),Finance,13,45,86752.23,9,5,237,15639.14,0
37cde552-ea6e-4fc3-888d-cf545c3689b1,Small (<50),Finance,54,22,9805.54,10,2,40,15067.43,0
1506f538-5406-45b5-9794-0bff097d05a6,Small (<50),Retail,37,4,95805.01,12,4,291,18786.52,1
55e62c5f-bb4e-4476-b879-f3d4e450dad6,Enterprise (>1000),Finance,62,8,14022.08,8,4,144,16458.44,0
f2f30e9d-1baf-4beb-af5c-ed763ad39f1b,Medium (50-250),Finance,32,21,81004.34,21,4,134,1407.34,0
13125172-e1ab-442a-be1f-70c6f6d498a4,Small (<50),Tech,48,29,20937.57,13,4,292,17605.29,0
40899080-1ed5-4b5a-8f49-cb75a805ab8c,Large (250+),Retail,27,20,21205.28,12,3,283,1929.85,0
bbc51f13-2b12-4bf1-ab8f-4ee0aa695b65,Medium (50-250),Finance,6,36,17014.69,22,4,195,13726.69,0
069bbe86-a036-4ec2-a86d-bbe2fb5d9372,Enterprise (>1000),Manufacturing,21,31,52926.25,15,5,63,10724.63,0
f86d1436-2f62-4c76-bd3b-598644d67dac,Medium (50-250),Retail,19,3,51465.11,21,5,120,17505.24,0
b582d180-48d2-455d-abec-07755d86351f,Medium (50-250),Healthcare,54,21,84475.9,5,1,358,12693.27,1
2bfe1f30-c5cb-48ad-b0eb-7fb48849d431,Small (<50),Manufacturing,62,5,90512.52,13,2,285,16611.12,1
6ddbd9b0-0c9b-43fb-954c-c0334ea69064,Large (250+),Healthcare,55,41,20891.74,16,4,72,5029.96,0
6d5a05bc-4ea5-4dd7-a6e0-ff0c9af0f618,Medium (50-250),Manufacturing,10,23,9260.06,10,2,275,2064.64,0
a32f378d-b999-4089-9f2f-514a9a7aa58e,Enterprise (>1000),Retail,25,24,98275.09,0,3,19,18921.73,0
6bca63d9-b688-4c28-a619-626203b94e01,Small (<50),Retail,27,17,12999.78,10,2,206,2583.59,0
abc8c8b1-0b59-49f8-94bf-45be9d13d0f6,Medium (50-250),Healthcare,5,46,73793.31,17,3,277,2043.78,1
e964da7d-4bf1-412e-9ac3-9904d4c602c8,Medium (50-250),Retail,5,41,73734.89,7,4,292,19531.69,0
c2659aac-2a7f-430a-8591-4eb678cfdfbf,Small (<50),Finance,58,31,76955.98,2,2,147,1972.28,0
290f79a9-f9e5-49a7-a61f-86ee767e806b,Enterprise (>1000),Finance,20,24,68002.39,4,3,339,3437.38,0
f072f383-969d-4c8c-824f-c6ac6a790f57,Large (250+),Healthcare,17,48,24352.87,9,3,71,8403.11,0
edb12e27-04b1-48b5-bff7-c8bd26ec4a52,Large (250+),Healthcare,34,20,64683.31,17,4,217,19521.02,0
ae4d3ca9-79b7-4b10-aff8-e9a500eddb1e,Enterprise (>1000),Tech,15,13,99131.06,0,5,116,9821.11,0
421eacd9-5c1f-4038-b10e-5e1866d16f3b,Enterprise (>1000),Finance,61,41,8477.44,20,3,76,4837.56,0
7b9db191-2f1a-4fb6-a685-960b864ad255,Medium (50-250),Manufacturing,15,37,31578.99,20,1,336,11575.49,1
3db9f48f-98c7-46d9-bb29-4fc48412cdcf,Large (250+),Healthcare,24,6,13636.15,15,2,245,14742.35,0
3edcb994-b00a-4136-abaf-9cfbc86cc983,Enterprise (>1000),Healthcare,48,10,54945.61,12,1,194,10918.01,0
1804f371-8745-40da-a849-30121c4e3ad8,Small (<50),Tech,12,28,35466.67,2,2,329,16245.46,0
18f7f684-45ae-4f74-8801-9c525889520a,Large (250+),Tech,21,23,85899.88,0,4,161,8604.68,0
90366284-dfc9-434b-9d83-28c9d36ab2b2,Small (<50),Retail,35,14,95200.53,7,1,83,10122.16,0
7758faf7-6158-42be-a1c2-d32be25a6577,Medium (50-250),Manufacturing,23,38,66297.7,1,5,36,9191.17,0
f4043dc4-0cee-416b-af0e-fdde8502e707,Small (<50),Retail,24,3,18842.11,1,2,102,3880.49,0
b9f8bb07-7643-4407-a552-79f231cb8528,Large (250+),Finance,29,48,79633.82,10,4,178,16154.55,0
c773fd2d-5059-405c-a76d-94b7d499cc29,Enterprise (>1000),Healthcare,16,43,78811.68,11,5,1,17587.59,0
dc80caa2-67c0-4338-bcd5-f7f774d46ac1,Enterprise (>1000),Retail,33,48,34267.02,22,5,124,15795.64,0
0f5c436e-cbb4-45bd-8364-312ff2fe5871,Small (<50),Manufacturing,41,29,85387.69,20,4,244,5082.77,0
e2b4dcbf-0865-4809-bdb3-c46beb438808,Enterprise (>1000),Healthcare,12,38,58759.45,22,4,156,1270.79,0
08b544ef-cba9-415a-8e65-e3ecaf31e841,Enterprise (>1000),Manufacturing,8,4,90890.5,7,3,263,19634.88,1
ed5603cb-c88d-4bf9-9c2d-f218414960e1,Large (250+),Finance,61,39,41667.29,17,3,115,1913.86,0
7b2461b9-2785-4cfb-90ea-ad0ddd682848,Medium (50-250),Finance,54,26,15106.46,24,3,10,12005.66,0
9d0b56cf-5f6e-4cfc-9542-32fa80451d57,Enterprise (>1000),Manufacturing,71,36,31483.48,13,3,245,9290.68,0
251aa680-6ca2-4f0d-8419-175fdd0dfabf,Small (<50),Finance,57,16,39459.34,8,1,273,1807.07,0
5b52c9b3-f93b-4401-a33c-76b8919ce87e,Large (250+),Manufacturing,28,12,12384.26,1,3,0,8969.82,0
66f5c286-20aa-4daa-9501-6a9927e29524,Medium (50-250),Healthcare,26,37,24658.36,12,3,91,5000.27,0
ad33735d-c991-4274-a9ed-69d48dc80f52,Large (250+),Finance,15,39,29465.37,22,5,258,13636.95,0
06662809-3f3f-4fe2-9163-8b0a6abeffa4,Large (250+),Manufacturing,13,20,86990.89,16,5,3,18796.99,0
a803cf2d-aa8b-4f2c-a970-bf55ef7198e3,Small (<50),Finance,63,5,94745.67,23,2,271,19696.58,1
530b383a-d249-45d1-a489-bb721cd7e2e1,Small (<50),Tech,61,16,62284.54,4,4,251,2383.91,0
a8ee445b-6881-410d-851e-1c6711515aff,Enterprise (>1000),Healthcare,18,33,22203.62,5,1,155,16079.77,0
b827047a-b778-40aa-8a11-c332f6d5576d,Enterprise (>1000),Tech,30,49,47670.9,8,4,31,7799.06,0
7705ecf6-50dc-4bce-b015-c8f9241c8d62,Small (<50),Retail,11,49,22778.28,4,2,43,12972.1,0
b322ae8f-c541-40d9-80f8-0dd8ad6b6df9,Medium (50-250),Tech,33,27,14087.04,13,3,54,3475.15,0
53da1fa9-3e36-4e0d-8ff3-8d2cd9ec12c5,Small (<50),Manufacturing,41,0,59589.56,17,1,140,9732.95,0
1ebe1032-25f7-4ad1-8e11-3ffc84e37159,Small (<50),Manufacturing,15,17,75030.61,5,3,0,9276.95,0
5ef201fb-bc00-4cfe-a7e7-3f8d81a2011c,Small (<50),Tech,60,25,70030.42,16,4,225,15340.23,0
7e6dcd8b-c06e-49bb-9bb3-0f7e2e263d93,Enterprise (>1000),Finance,63,14,82177.82,17,1,177,12820.34,0
f2265d8f-0fe7-4511-816f-e43d24a007b0,Medium (50-250),Retail,24,31,17802.62,13,5,73,4862.42,0
888eb959-1f21-4d86-b9ad-438e58f7b8bc,Small (<50),Finance,27,17,11209.27,22,3,205,15744.29,0
4a0a8d74-84ad-440e-b32c-9f13caa1d577,Medium (50-250),Tech,35,19,46298.4,16,3,160,6062.2,0
b3de3940-f6ef-4493-8bbe-57df60120c61,Enterprise (>1000),Retail,47,34,46572.91,14,1,294,16938.91,0
ddd14994-dd3f-42f5-b537-a04436143dcc,Small (<50),Healthcare,19,1,15469.34,22,1,316,12916.59,1
03f6868b-c592-4c82-90f3-92407ef9846d,Small (<50),Retail,61,2,97900.04,9,3,340,12425.72,0
091bcd1d-21da-4d92-ae79-8f5621ec6251,Small (<50),Retail,19,45,93189.6,8,5,124,3641.6,0
9b534b33-6ee2-4b76-b85b-eeb9fcfd47e0,Large (250+),Healthcare,19,23,12321.18,4,1,278,17421.36,1
6dc093ef-2f00-4c1e-a6c0-49ecd999cb03,Enterprise (>1000),Retail,54,46,71084.45,13,5,242,9506.24,0
e9a7c0d2-48a1-4c1e-b7ed-1dfa6cff5dda,Large (250+),Tech,65,11,68408.43,0,2,137,10761.93,0
2055dd67-877a-4ff5-a62a-215a4bc805be,Small (<50),Manufacturing,66,16,20414.91,0,4,186,17347.06,0
b401efd3-ec37-40b3-8cea-f04f685fc3e6,Enterprise (>1000),Tech,17,7,33764.55,14,3,334,6798.47,1
45957c09-9209-4d7f-b368-dacee7ca10f4,Enterprise (>1000),Healthcare,19,28,89026.24,23,2,248,14005.04,1
6e1dd44e-a868-4ea4-aa97-884819042b86,Large (250+),Manufacturing,32,25,5862.33,17,4,42,10447.61,0
37ba1838-e649-4d6e-8a06-e50a11ed8b61,Enterprise (>1000),Healthcare,30,43,14295.13,16,3,311,10125.44,0
5c014927-ba16-4c03-aa52-a58462b4bd37,Small (<50),Healthcare,62,15,96384.67,8,1,295,1332.18,1
e72b835e-403a-4927-9ad2-f7c749503a3b,Small (<50),Manufacturing,71,33,77050.16,10,3,103,8773.64,0
2164425d-cc12-420a-bae2-dedb21cf79d3,Medium (50-250),Healthcare,67,15,91403.75,9,4,339,1051.03,0
e3cebbbf-6e17-47e5-ba2c-580aafeee906,Medium (50-250),Healthcare,10,33,86770.83,24,4,37,13914.54,0
38fc5d3f-fee5-4dc4-9207-be36cb51b2c4,Medium (50-250),Finance,18,7,28273.95,9,3,340,17109.01,1
eb6c6c66-0e0d-46cb-a557-709863e8c201,Small (<50),Healthcare,2,7,69629.97,12,4,277,4249.99,0
6051b960-4f77-48cf-b022-9d69b04d8c2a,Small (<50),Retail,24,28,85456.63,16,5,152,2825.53,0
841303cb-3520-4c92-98bd-34347bca9f55,Large (250+),Healthcare,10,49,75157.45,21,5,88,14451.52,0
8c3476ec-5a1e-41a3-bdaf-8413a3b98cb1,Small (<50),Tech,24,45,68489.13,24,2,255,6242.56,0
8bd5e342-c806-4f75-812b-12513bd65a63,Small (<50),Tech,12,4,57163.08,20,1,115,1996.59,1
cf7fc1b9-b004-48eb-99a0-4938259c021b,Small (<50),Retail,53,5,44797.67,20,2,96,13419.97,0
976997fb-153b-4aaa-a8b5-75aeecc5c29a,Medium (50-250),Healthcare,60,24,65065.26,21,3,185,10203.65,0
63c34f9d-8575-4912-85c9-eaf487069113,Enterprise (>1000),Finance,37,34,20509.22,20,4,356,3087.37,0
80870968-4067-47cc-b112-fc157de5d3fa,Small (<50),Finance,60,17,82013.78,8,5,342,2140.22,0
bd971baa-e82e-4412-84f5-658033adc90f,Medium (50-250),Healthcare,62,23,38119.68,8,2,303,4516.52,0
f56ef874-ffdd-4192-ae6e-7c6eb74195ab,Large (250+),Tech,17,10,44643.45,8,4,50,11378.87,0
e5d0c6a6-26fa-4f65-bd19-76772eac8916,Enterprise (>1000),Healthcare,29,45,44571.39,19,4,56,7402.89,0
50f0286a-6273-4f44-9667-3c2e4fb26af0,Enterprise (>1000),Manufacturing,55,45,44415.47,3,3,278,19511.33,0
26ddcf67-e506-4fc4-88eb-59aad0be531b,Medium (50-250),Manufacturing,27,6,39408.48,0,5,253,4649.05,0
d1ec6e66-360c-4b60-80cf-a7fa28cc5940,Large (250+),Tech,70,11,55439.8,19,1,286,6399.18,0
69e7a0f0-de6d-49a6-80ec-28b1af0d1602,Enterprise (>1000),Tech,9,1,40357.75,8,3,76,18531.73,0
da2b7391-d8a7-4e7e-b25a-aa7dab9672cd,Small (<50),Finance,60,6,66017.48,12,4,231,5548.25,0
723d8062-62ac-488f-84c5-dacdf8369c72,Small (<50),Healthcare,48,1,85160.03,23,4,27,12279.73,0
f17e3bd1-9215-47fe-9ceb-a8018a8fc659,Small (<50),Retail,9,39,38292.88,9,4,58,2738.5,0
098e46d1-ae70-4c2c-aca9-13218dee209e,Large (250+),Healthcare,54,2,87680.92,0,2,216,18541.64,0
7bfe7310-0ae0-446c-9d92-251c8c60348b,Large (250+),Manufacturing,34,27,28493.64,22,1,29,9162.67,0
130480f1-4455-4a82-b4d4-44ae545dc3a0,Small (<50),Tech,49,21,95864.7,4,1,133,4518.22,0
f369371c-68a8-4b66-8491-5b6cc8fb6fcf,Enterprise (>1000),Tech,71,35,76751.58,18,2,114,17525.36,0
6a926672-f054-4d36-8e67-603b64cf3bc6,Large (250+),Retail,9,7,79891.75,10,3,246,4403.46,0
5487c1c3-d35a-4a7b-be4e-ee6dcea3bb71,Large (250+),Tech,19,18,92194.46,7,4,263,8315.15,0
85f6b09d-fd03-43ed-831f-266caa74fd1a,Small (<50),Healthcare,46,42,47282.0,14,2,5,11484.44,0
6d920634-a2fb-4dd3-bb5a-1bc6bd0486fd,Medium (50-250),Tech,68,15,88836.33,9,3,61,19958.36,0
cec706e0-93cf-4d56-af4e-6cbc91d9141e,Medium (50-250),Healthcare,63,3,47018.39,21,3,44,11481.75,0
f68db1e3-f5b3-4b56-b805-d9131400fbb6,Small (<50),Manufacturing,58,11,63330.88,15,3,252,5621.51,1
96230535-34ba-4d4b-843f-a06bd81e0b7d,Enterprise (>1000),Finance,23,22,37431.64,8,5,12,5896.97,0
425bbd91-8b18-44f1-bc1b-49f1d254bcc8,Small (<50),Healthcare,49,9,93471.08,23,4,199,3935.69,0
770225ff-5534-45b7-800e-66ffcb6416da,Medium (50-250),Manufacturing,4,12,34014.79,7,4,130,12081.97,0
6bd6e7af-ebf3-49d6-84ab-502e77592471,Large (250+),Finance,24,49,90468.67,11,4,180,11396.88,0
d4f0059d-ee31-4f63-99f5-ff6176cf263f,Enterprise (>1000),Finance,64,37,47198.51,2,3,239,16755.16,0
e92a1be1-89d3-4145-82f4-a9c0bc9db9f2,Small (<50),Finance,57,2,68398.8,17,5,268,14036.12,0
025ccfa2-b250-4c41-8e12-2e73cf22a6d8,Medium (50-250),Tech,19,35,44085.76,1,1,324,7540.14,1
dad2ac03-7b69-45e0-87e6-52ede167e907,Large (250+),Tech,41,8,22206.94,22,4,279,3716.31,0
1e672714-f015-4d2d-8bcd-f4da661d508e,Large (250+),Tech,11,37,44195.14,12,1,175,6219.17,0
955676c5-fab6-42aa-b661-f72839c5b0d1,Small (<50),Tech,20,22,23170.98,12,1,320,7607.87,1
f95e5102-4363-40fd-a821-471fb0f3792d,Small (<50),Healthcare,22,39,47705.15,10,1,30,12865.35,0
598ea10a-0227-401b-909c-88d03baee0bc,Small (<50),Retail,3,1,90291.2,0,3,102,11337.41,0
c8cfc35e-160b-4d3a-a257-7eaa236f49cf,Large (250+),Retail,22,3,68944.69,3,3,64,12713.03,0
0ab22d60-877c-4d00-8893-af0ef9350a94,Medium (50-250),Finance,56,7,54849.74,15,5,252,6137.5,0
723930b0-a59e-4fd7-85ee-c7197e53447e,Enterprise (>1000),Finance,29,37,19300.67,16,3,261,11670.13,1
a5382763-a603-4625-abd4-068f45f558b4,Medium (50-250),Healthcare,45,8,11681.54,16,2,309,10672.43,1
588ebf7b-22dd-4c0f-83a4-1ebe5c89c2d3,Medium (50-250),Healthcare,59,26,66660.27,1,3,182,10758.04,0
c31bd6f1-193b-4f01-803d-4e1ca185c3e2,Small (<50),Retail,56,41,90875.31,15,4,294,3163.59,0
f510eb7e-5991-451d-959e-424f49cf9290,Small (<50),Healthcare,46,41,56374.98,16,2,251,10805.4,0
2c6c628f-21a8-4ef8-acc9-a763a95e4059,Large (250+),Retail,20,46,72457.2,0,4,190,9203.07,0
fa628b88-62bd-4205-9a57-4f4ceba153a9,Small (<50),Finance,54,46,41475.81,12,3,100,8107.57,0
e75bbaba-6742-484f-8fd4-ba5c87a6800a,Enterprise (>1000),Retail,20,27,61109.47,21,2,274,19882.72,1
f9b2e06b-39f4-4425-bc15-ddb5b5771275,Large (250+),Finance,58,28,10012.79,15,4,296,6885.33,0
9a76f15f-735c-4429-a51a-9079c457f0de,Small (<50),Finance,32,43,14859.49,3,1,313,14598.56,0
fb44d1d1-91a1-4a48-8f21-6e4fc80c1a67,Medium (50-250),Healthcare,41,5,82687.43,18,4,318,12717.72,0
bccc274d-33b5-4f81-9e36-7debde504c03,Large (250+),Retail,54,47,86034.37,15,4,353,19384.33,0
ee5ed0f4-a2f0-463e-8f33-b1e2f0a67fdd,Medium (50-250),Retail,34,36,34763.07,7,1,91,7988.66,0
61bfea94-a8b5-4261-8dbf-30724056ce0d,Medium (50-250),Tech,22,37,90648.73,16,5,265,17019.38,0
ef142b07-db79-4063-96ad-a05fda28fdc4,Small (<50),Retail,53,15,43561.45,4,3,38,9875.21,0
fe60f472-55d1-4e57-ab01-a8127f9889c7,Enterprise (>1000),Finance,8,13,78803.37,11,1,129,17887.23,0
c9423018-7b19-41c9-a7d7-3a6c508d3f66,Small (<50),Retail,69,8,98754.44,0,5,174,14901.69,0
dfa1c406-9eb7-4190-b6cc-283e3b44cc0a,Large (250+),Retail,24,1,48532.62,21,5,201,1522.76,0
18dfe711-2d05-40e2-b991-b0cefc2b7554,Large (250+),Healthcare,27,5,49284.41,11,5,231,14296.44,0
22d9a937-3dca-4b33-9b73-0be5084407d0,Medium (50-250),Finance,30,47,41326.29,15,5,266,6186.44,0
59476162-661f-41ef-a65b-12b336ac1cf9,Medium (50-250),Tech,4,42,28264.24,12,2,214,11095.82,0
36a6b6a7-b6a1-440d-862d-de0f55a94b17,Medium (50-250),Retail,6,27,53760.16,22,1,187,2737.57,0
95ce4a4c-a392-48ed-826d-c65eefcac443,Small (<50),Retail,18,30,66135.15,9,4,155,15614.77,1
0a9416fc-3f03-4ab0-b83d-f1f36212f0f8,Small (<50),Healthcare,70,6,26754.39,11,1,115,9558.27,0
98b2f35c-e10d-4ccd-adfb-ede53a5151ec,Enterprise (>1000),Finance,48,26,45092.88,20,1,182,13384.58,0
c45c157d-2c8b-4c41-81f3-090fd4a3d997,Small (<50),Retail,71,42,16789.86,22,4,330,17762.63,0
0425323b-a262-4feb-aed3-e93ccfab51d1,Medium (50-250),Manufacturing,61,44,44156.65,18,1,89,12257.29,0
fd4829f4-7804-41d9-8374-a00a2b9d7173,Enterprise (>1000),Tech,22,3,42970.58,4,5,113,5931.69,0
93ff6550-f397-49c4-a513-9cf2ab0a4179,Enterprise (>1000),Retail,68,0,76640.62,13,5,327,15578.61,0
1416d114-6a93-42e9-8051-7965c069e5fc,Small (<50),Finance,56,17,36709.84,19,2,40,14448.34,0
8160a5cf-e894-436f-a69e-d3f92434d224,Enterprise (>1000),Manufacturing,9,19,25173.53,8,2,15,11379.95,0
bfa0fc46-dcc4-4505-8e7d-73bea3a53f4e,Small (<50),Retail,62,49,95301.7,20,4,60,3894.24,0
6b6c3b8d-b821-4cb4-9cc1-2cb8920adfcf,Small (<50),Manufacturing,46,15,68556.24,8,5,237,17860.33,0
a75fbb79-62e2-4b02-94e7-461e1d156721,Medium (50-250),Retail,26,34,56514.89,13,5,233,17866.42,0
fcbf6b3b-9c0c-4b78-91f7-3693ad76f19d,Medium (50-250),Finance,38,42,19027.49,18,1,75,1409.25,0
99a88c3a-fccd-4420-b450-5a6a268bb3e1,Enterprise (>1000),Finance,70,35,73043.59,6,1,276,7899.02,0
9af51198-f5e2-47f8-8c6c-6dd5a2b95bea,Small (<50),Retail,19,10,6738.44,6,1,272,1723.4,0
7327f64e-1140-4bea-b685-bd1d06e071fa,Large (250+),Manufacturing,51,33,34293.67,24,4,94,1071.44,0
ba71f3ee-937b-4c2c-a476-5455ae67691c,Small (<50),Manufacturing,61,43,90011.1,3,2,251,10997.61,0
bf648704-e74e-4906-b40a-69bcb10cdc2c,Small (<50),Retail,66,24,64449.73,3,3,224,19265.46,0
d7e651cf-3baa-46a9-b5ff-1c00a1b35650,Large (250+),Retail,43,42,89236.34,21,1,216,10097.05,0
105ecc69-ef2e-4fca-8a25-f8e5f167fd6f,Medium (50-250),Retail,40,36,21016.73,0,4,134,14812.86,0
7c1da3fb-237e-468d-ae63-e6cbf5803d92,Large (250+),Manufacturing,14,3,64621.8,22,5,281,7567.71,0
0c8abb09-18a8-4b0f-bebb-387cf8c85ac5,Large (250+),Retail,42,33,96272.27,20,3,182,16588.06,0
5ec9ac23-fac1-43c6-84b3-2f88268b00dd,Small (<50),Manufacturing,58,2,53277.89,7,4,109,3781.22,0
0e8c0808-617a-42b8-97e6-afa4e4ab0623,Small (<50),Healthcare,57,19,38807.49,20,3,16,18718.01,0
5cc12003-746c-495e-838b-899fcb0925eb,Enterprise (>1000),Finance,61,14,87686.41,23,3,149,2743.47,0
36d148b0-cfb3-453d-a7d8-0eed33e75feb,Large (250+),Finance,49,32,65465.73,5,5,280,17712.65,0
10f0818a-6aa3-456d-9bc9-c4ecc9606b62,Large (250+),Finance,33,48,78809.33,21,3,234,17909.77,0
bc16bf09-2e70-444a-a3b8-15155b13d4ca,Enterprise (>1000),Manufacturing,5,19,63691.59,7,4,353,1283.91,1
e513a08c-5c1a-4f0d-a5c3-e5bc249b3468,Medium (50-250),Healthcare,6,14,40146.43,11,3,245,7703.16,0
0afdd7e1-ddac-4c8c-8a25-385fc1e27d51,Medium (50-250),Manufacturing,32,39,9891.77,10,5,21,7404.15,0
2a291d8b-34e6-4fb5-b225-3d82884e3451,Small (<50),Tech,11,17,60980.94,16,2,180,11792.66,0
89f65edf-6ada-4402-b28c-809105c2c06f,Enterprise (>1000),Retail,33,16,73244.35,17,1,111,14348.87,0
2d89cbb0-5c92-4c16-81ab-4591a2f5cbd9,Enterprise (>1000),Manufacturing,56,49,55256.81,10,1,128,5132.89,0
100ad668-0f5d-4fa9-b9ab-6f5869f98728,Small (<50),Finance,18,45,53162.22,20,3,74,13483.6,0
d8d06233-4242-4b60-85c3-0bc0dc263dd7,Enterprise (>1000),Healthcare,51,42,54062.35,22,3,21,12184.09,0
102ce13f-f8d7-4004-81aa-528f06240934,Enterprise (>1000),Tech,63,43,59104.65,12,2,77,10936.29,0
044b8578-c627-4088-a8ca-4052490060d3,Enterprise (>1000),Tech,16,7,51750.78,9,3,282,2226.78,1
f703b98d-c173-4b50-941c-fb08d13c6ff5,Enterprise (>1000),Tech,65,19,82316.78,1,3,193,11944.19,0
04a47ca0-1f6c-4f0a-ab7e-18869ee9890d,Small (<50),Retail,18,13,90858.06,3,4,244,7368.99,0
551acca4-d026-4d41-9c88-5a637f8eef9e,Small (<50),Healthcare,41,4,28899.5,3,5,54,15471.54,0
4e06b645-eb3d-43a2-a973-bcba24045c57,Enterprise (>1000),Tech,51,5,60929.07,17,1,135,11533.41,0
e86bd5dc-ba74-485c-a3a8-dc93a224a658,Medium (50-250),Retail,58,33,81914.97,12,5,356,9445.44,0
482b8736-186d-43cf-9c98-66fc28f23695,Enterprise (>1000),Tech,28,36,14613.45,5,1,357,7123.0,1
8ed56c03-d5c2-4a22-88e4-f2ae4becceab,Enterprise (>1000),Tech,26,36,91541.83,20,5,218,7690.05,0
029b5e72-d2dd-4071-bf33-246785e6aa9b,Small (<50),Tech,36,0,76406.77,8,4,119,16056.42,0
beafd396-ecc0-4fe0-95a0-eb754db9b2cd,Small (<50),Tech,38,25,93955.84,8,1,16,18570.76,0
14add6f2-1fef-4ea7-92d1-77b94b83db81,Small (<50),Tech,28,38,51107.05,17,1,237,3788.92,0
967966c1-0b9e-4f78-a22e-c702e373b321,Medium (50-250),Finance,4,35,17997.3,17,2,147,15377.72,0
d76fb86f-db98-4e25-bb5e-09778f2a9f61,Enterprise (>1000),Manufacturing,19,33,46293.13,1,1,207,17341.48,0
140e90c5-6e16-4506-8604-87114e1287d8,Small (<50),Healthcare,6,26,15596.89,19,3,68,13657.84,0
64b0df05-d16d-46e4-8137-e4c667c6c658,Small (<50),Tech,21,2,94679.06,22,3,225,9151.65,1
0dcd612e-e76c-4d1a-b31d-fac0c8edb5e1,Large (250+),Retail,7,41,49632.45,3,5,145,2557.25,0
7e643417-ec0c-4e45-b9c8-c8de92dbe441,Small (<50),Finance,17,29,16700.08,5,2,86,5504.01,0
91be6aa7-d91c-4be7-ac05-d0cf9474f8b7,Enterprise (>1000),Healthcare,15,15,56714.16,12,2,266,1163.31,1
40cdce42-d7c2-4280-907c-f6531a66d7b2,Large (250+),Finance,15,17,68921.04,20,1,351,18902.21,1
5020d18b-3a73-4029-91fc-5d0def026bb0,Large (250+),Manufacturing,35,27,25964.4,6,5,118,17661.17,0
7622a075-97f0-4891-b8d6-d98b71a2b9c9,Large (250+),Manufacturing,44,8,59224.14,2,4,28,4912.58,0
83eb66a1-6b13-46c1-8fe4-cf17edb4f753,Small (<50),Retail,14,26,35356.84,17,5,121,13749.37,0
a1bf6907-6417-4948-bf41-6d29a214c19c,Medium (50-250),Healthcare,69,38,29729.59,11,2,118,11825.31,0
a18b03d1-1ba5-4bd1-8dc9-7bf4f7e3d63d,Medium (50-250),Manufacturing,5,49,70301.16,17,3,286,11623.39,0
c56eef3f-174e-4438-912a-bf36f6ac97f1,Small (<50),Healthcare,60,20,49115.7,9,3,32,17401.24,0
d273c8e2-111a-49eb-b069-d5676f53fb98,Medium (50-250),Finance,40,1,80894.86,12,3,350,11592.22,1
